Name,Rating,Reviews,Location and Description,Salaries,Interviews,Jobs
TCS,3.4,(1.1L),IT Services & Consulting | Bangalore / Bengaluru +435 other locations,9.6L Salaries,11.6k Interviews,1.5k Jobs
Accenture,3.7,(69.6k),IT Services & Consulting | Bangalore / Bengaluru +249 other locations,6.4L Salaries,9k Interviews,39.6k Jobs
Wipro,3.6,(62k),IT Services & Consulting | Hyderabad / Secunderabad +367 other locations,4.7L Salaries,6.4k Interviews,5k Jobs
Cognizant,3.7,(59k),IT Services & Consulting | Hyderabad / Secunderabad +228 other locations,5.9L Salaries,6.2k Interviews,846 Jobs
Capgemini,3.7,(50.5k),IT Services & Consulting | Bangalore / Bengaluru +183 other locations,4.7L Salaries,5.3k Interviews,2.2k Jobs
HDFC Bank,3.8,(49.2k),Banking | Mumbai +1801 other locations,1.5L Salaries,2.8k Interviews,187 Jobs
Infosys,3.5,(46.3k),IT Services & Consulting | Bangalore / Bengaluru +243 other locations,5.1L Salaries,8.2k Interviews,2.3k Jobs
ICICI Bank,4.0,(44.5k),Banking | Mumbai +1429 other locations,1.5L Salaries,2.8k Interviews,25 Jobs
HCLTech,3.4,(43.5k),IT Services & Consulting | Chennai +227 other locations,3.7L Salaries,4.4k Interviews,338 Jobs
Tech Mahindra,3.4,(41.6k),IT Services & Consulting | Hyderabad / Secunderabad +332 other locations,2.8L Salaries,4.4k Interviews,483 Jobs
Genpact,3.6,(39.9k),IT Services & Consulting | Hyderabad / Secunderabad +180 other locations,2.3L Salaries,3.7k Interviews,305 Jobs
Teleperformance,3.8,(35.8k),BPO | Mumbai +251 other locations,94.7k Salaries,2.1k Interviews,1.2k Jobs
Axis Bank,3.6,(31.6k),Banking | Mumbai +1488 other locations,1L Salaries,1.8k Interviews,5.3k Jobs
Concentrix Corporation,3.6,(30.9k),BPO | Bangalore / Bengaluru +175 other locations,1.3L Salaries,1.9k Interviews,89 Jobs
Jio,4.3,(30.9k),Telecom | Mumbai +1835 other locations,62.1k Salaries,3.3k Interviews,37 Jobs
Amazon,3.9,(30.1k),Internet | Bangalore / Bengaluru +517 other locations,1.4L Salaries,5.7k Interviews,1.3k Jobs
iEnergizer,4.6,(27.3k),BPO | Noida +50 other locations,23.9k Salaries,960 Interviews,58 Jobs
Reliance Retail,3.9,(26.5k),Retail | Mumbai +1136 other locations,74k Salaries,1.9k Interviews,55 Jobs
IBM,3.9,(25k),IT Services & Consulting | Bangalore / Bengaluru +160 other locations,2.1L Salaries,2.6k Interviews,2.7k Jobs
LTIMindtree,3.6,(24.6k),IT Services & Consulting | Bangalore / Bengaluru +143 other locations,1.9L Salaries,3.2k Interviews,369 Jobs
HDB Financial Services,3.9,(24.6k),NBFC | Mumbai +1077 other locations,50.1k Salaries,1k Interviews,210 Jobs
Larsen & Toubro Limited,3.9,(22.7k),Engineering & Construction | Chennai +745 other locations,73.4k Salaries,1.7k Interviews,880 Jobs
Deloitte,3.7,(21.9k),Management Consulting | Hyderabad / Secunderabad +183 other locations,2.4L Salaries,3.2k Interviews,1.6k Jobs
Kotak Mahindra Bank,3.6,(21.3k),Banking | Mumbai +673 other locations,85.4k Salaries,1.3k Interviews,1.5k Jobs
Reliance Industries,4.0,(19.4k),Oil & Gas | Jamnagar +802 other locations,71.9k Salaries,1.5k Interviews,66 Jobs
Vodafone Idea,3.9,(17.3k),Telecom | Pune +699 other locations,50.7k Salaries,650 Interviews,25 Jobs
BYJU'S,3.2,(16.6k),EdTech | Bangalore / Bengaluru +322 other locations,54k Salaries,2.1k Interviews,-- Jobs
Bharti Airtel,3.9,(16.5k),Telecom | Gurgaon / Gurugram +777 other locations,48.6k Salaries,1k Interviews,156 Jobs
WNS,3.3,(14.4k),IT Services & Consulting | Pune +64 other locations,68.8k Salaries,1.2k Interviews,91 Jobs
Tata Motors,4.1,(13.7k),Automobile | Pune +503 other locations,42.5k Salaries,1.2k Interviews,166 Jobs
AU Small Finance Bank,3.9,(13.7k),Banking | Jaipur +764 other locations,28.1k Salaries,644 Interviews,18 Jobs
Ernst & Young,3.4,(13.5k),Management Consulting | Bangalore / Bengaluru +130 other locations,1.4L Salaries,1.3k Interviews,762 Jobs
IndusInd Bank,3.4,(13.5k),Banking | Mumbai +785 other locations,51.3k Salaries,733 Interviews,156 Jobs
IDFC FIRST Bank,3.9,(13.4k),Banking | Mumbai +706 other locations,48.4k Salaries,868 Interviews,43 Jobs
Flipkart,3.9,(12.4k),Internet | Bangalore / Bengaluru +557 other locations,52.8k Salaries,1.6k Interviews,204 Jobs
Bajaj Finserv,3.9,(12.1k),Financial Services | Pune +1145 other locations,29.9k Salaries,681 Interviews,19 Jobs
PwC,3.3,(11.7k),Management Consulting | Bangalore / Bengaluru +129 other locations,1.1L Salaries,1.5k Interviews,1.2k Jobs
DXC Technology,3.6,(11.6k),IT Services & Consulting | Bangalore / Bengaluru +133 other locations,72.5k Salaries,876 Interviews,283 Jobs
Mahindra & Mahindra,4.0,(11.6k),Automobile | Pune +553 other locations,38.9k Salaries,812 Interviews,1 Jobs
Infosys BPM,3.5,(11.5k),BPO | Bangalore / Bengaluru +93 other locations,71.3k Salaries,1.1k Interviews,89 Jobs
HDFC Life,3.9,(11.4k),Insurance | Mumbai +692 other locations,32.4k Salaries,750 Interviews,110 Jobs
Muthoot FinCorp,4.5,(10.8k),NBFC | Bangalore / Bengaluru +1045 other locations,8.9k Salaries,1.6k Interviews,52 Jobs
Bandhan Bank,3.7,(10.3k),Banking | Kolkata +983 other locations,24.8k Salaries,699 Interviews,14 Jobs
Conneqt Business Solutions,3.5,(10k),BPO | Hyderabad / Secunderabad +260 other locations,26.4k Salaries,544 Interviews,400 Jobs
Mphasis,3.3,(9.8k),IT Services & Consulting | Bangalore / Bengaluru +61 other locations,72.4k Salaries,895 Interviews,38 Jobs
Yes Bank,3.7,(9.6k),Banking | Mumbai +534 other locations,42.9k Salaries,522 Interviews,193 Jobs
Tata Steel,4.0,(9.5k),Iron & Steel | Jamshedpur +225 other locations,33.2k Salaries,1k Interviews,-- Jobs
Quess,3.8,(9.2k),Recruitment | Bangalore / Bengaluru +722 other locations,30.1k Salaries,509 Interviews,5 Jobs
Startek,3.1,(9.1k),BPO | Bangalore / Bengaluru +104 other locations,24.1k Salaries,594 Interviews,125 Jobs
Asian Paints,3.9,(9k),Chemicals | Mumbai +543 other locations,25k Salaries,795 Interviews,46 Jobs
Paytm,3.2,(8.9k),FinTech | Noida +408 other locations,33.4k Salaries,859 Interviews,571 Jobs
UltraTech Cement,4.1,(8.9k),Building Material | Mumbai +529 other locations,23.5k Salaries,746 Interviews,25 Jobs
Shriram Finance,4.0,(8.7k),NBFC | Chennai +1090 other locations,15.1k Salaries,419 Interviews,4 Jobs
Maruti Suzuki,4.2,(8.7k),Automobile | Gurgaon / Gurugram +441 other locations,26.7k Salaries,740 Interviews,644 Jobs
Bajaj Finance,3.9,(8.6k),NBFC | Pune +950 other locations,22.8k Salaries,401 Interviews,6.7k Jobs
Sutherland Global Services,3.4,(8.5k),BPO | Chennai +80 other locations,33.7k Salaries,759 Interviews,303 Jobs
EXL Service,3.6,(8.3k),IT Services & Consulting | Noida +61 other locations,43.3k Salaries,863 Interviews,1.3k Jobs
Cipla,4.1,(8.2k),Pharma | Mumbai +288 other locations,25.8k Salaries,566 Interviews,83 Jobs
Samsung,3.9,(8.2k),Consumer Electronics & Appliances | Noida +570 other locations,26.5k Salaries,598 Interviews,52 Jobs
Ericsson,4.0,(8.2k),Telecom | Noida +162 other locations,42.4k Salaries,458 Interviews,24 Jobs
Wells Fargo,3.7,(8k),Financial Services | Bangalore / Bengaluru +28 other locations,54.7k Salaries,660 Interviews,35 Jobs
Dr. Reddy's,4.0,(7.9k),Pharma | Hyderabad / Secunderabad +209 other locations,25.7k Salaries,481 Interviews,24 Jobs
Optum Global Solutions,4.0,(7.6k),IT Services & Consulting | Hyderabad / Secunderabad +66 other locations,47.4k Salaries,732 Interviews,108 Jobs
HGS,3.8,(7.5k),BPO | Bangalore / Bengaluru +120 other locations,21k Salaries,266 Interviews,19 Jobs
ICICI Prudential Life Insurance,4.0,(7.5k),Insurance | Mumbai +503 other locations,22.8k Salaries,464 Interviews,1.1k Jobs
Delhivery,3.8,(7.5k),Logistics | Gurgaon / Gurugram +740 other locations,20.6k Salaries,582 Interviews,126 Jobs
JPMorgan Chase & Co.,3.9,(7.4k),Financial Services | Bangalore / Bengaluru +54 other locations,82.3k Salaries,843 Interviews,797 Jobs
JSW Steel,3.9,(7.4k),Iron & Steel | Ballari +193 other locations,29.8k Salaries,760 Interviews,119 Jobs
Amazon Development Centre India,3.9,(7.3k),Internet | Hyderabad / Secunderabad +146 other locations,37.2k Salaries,857 Interviews,6 Jobs
Jana Small Finance Bank,3.8,(7.3k),Banking | Bangalore / Bengaluru +412 other locations,14.4k Salaries,295 Interviews,40 Jobs
Sun Pharmaceutical Industries,4.1,(7.3k),Pharma | Vadodara +261 other locations,23.3k Salaries,630 Interviews,347 Jobs
Hexaware Technologies,3.4,(7.3k),IT Services & Consulting | Chennai +68 other locations,52.1k Salaries,804 Interviews,629 Jobs
L&T Construction,4.0,(7.1k),Engineering & Construction | Chennai +424 other locations,19.4k Salaries,909 Interviews,-- Jobs
Lupin,4.1,(7.1k),Pharma | Pune +202 other locations,22.4k Salaries,423 Interviews,63 Jobs
Zydus Lifesciences,4.0,(7.1k),Pharma | Ahmedabad +173 other locations,19.7k Salaries,402 Interviews,17 Jobs
Hindustan Unilever,4.2,(7k),FMCG | Mumbai +524 other locations,19.9k Salaries,443 Interviews,38 Jobs
Equitas Small Finance Bank,4.2,(6.9k),Banking | Chennai +445 other locations,13.1k Salaries,498 Interviews,6 Jobs
Ekart Logistics,3.9,(6.9k),Logistics | Bangalore / Bengaluru +725 other locations,15.3k Salaries,395 Interviews,-- Jobs
KPMG India,3.4,(6.8k),Management Consulting | Bangalore / Bengaluru +108 other locations,63.4k Salaries,900 Interviews,121 Jobs
ITC,3.9,(6.8k),FMCG | Bangalore / Bengaluru +370 other locations,24.1k Salaries,658 Interviews,69 Jobs
Ujjivan Small Finance Bank,4.0,(6.8k),Banking | Bangalore / Bengaluru +522 other locations,12.5k Salaries,296 Interviews,123 Jobs
Axis Max Life Insurance,4.0,(6.8k),Insurance | New Delhi +492 other locations,20.1k Salaries,382 Interviews,211 Jobs
Megha Engineering & Infrastructures,3.9,(6.5k),Engineering & Construction | Hyderabad / Secunderabad +397 other locations,17.8k Salaries,538 Interviews,20 Jobs
Tata Projects,4.2,(6.5k),Engineering & Construction | Mumbai +282 other locations,22.1k Salaries,557 Interviews,29 Jobs
FIS,3.8,(6.3k),FinTech | Pune +60 other locations,38.6k Salaries,527 Interviews,209 Jobs
Coforge,3.2,(6.3k),IT Services & Consulting | Noida +105 other locations,47.1k Salaries,654 Interviews,217 Jobs
L&T Technology Services,3.1,(6.2k),IT Services & Consulting | Bangalore / Bengaluru +94 other locations,41.5k Salaries,608 Interviews,-- Jobs
Bajaj Life Insurance,3.9,(6.2k),Insurance | Pune +601 other locations,17.2k Salaries,429 Interviews,54 Jobs
IIFL Finance,4.0,(6.2k),NBFC | Mumbai +798 other locations,14k Salaries,311 Interviews,36 Jobs
Oracle,3.5,(6.1k),Software Product | Bangalore / Bengaluru +56 other locations,61.8k Salaries,937 Interviews,807 Jobs
Indian Army,4.7,(6.1k),Defence & Aerospace | New Delhi +361 other locations,9.4k Salaries,193 Interviews,-- Jobs
Cholamandalam Investment & Finance,3.8,(6.1k),Financial Services | Chennai +821 other locations,12.2k Salaries,258 Interviews,33 Jobs
JLL,4.1,(6k),Real Estate | Gurgaon / Gurugram +85 other locations,23.7k Salaries,461 Interviews,335 Jobs
Omega Healthcare,3.8,(6k),BPO | Chennai +68 other locations,25.8k Salaries,518 Interviews,154 Jobs
Muthoot Finance,3.7,(6k),NBFC | Bangalore / Bengaluru +770 other locations,12.7k Salaries,327 Interviews,50 Jobs
HCL Group,3.5,(6k),IT Services & Consulting | Chennai +98 other locations,40.5k Salaries,508 Interviews,-- Jobs
eClerx,3.1,(5.9k),IT Services & Consulting | Pune +32 other locations,30.8k Salaries,614 Interviews,99 Jobs
Virtusa Consulting Services,3.7,(5.8k),IT Services & Consulting | Hyderabad / Secunderabad +55 other locations,55.7k Salaries,647 Interviews,1.5k Jobs
Udaan,3.9,(5.8k),Internet | Bangalore / Bengaluru +369 other locations,15.7k Salaries,365 Interviews,3 Jobs
DMart,3.9,(5.8k),Retail | Mumbai +244 other locations,17.8k Salaries,519 Interviews,171 Jobs
HSBC Group,3.9,(5.8k),Financial Services | Bangalore / Bengaluru +63 other locations,42k Salaries,536 Interviews,119 Jobs
Indiamart Intermesh,3.5,(5.7k),Internet | Noida +170 other locations,19.9k Salaries,729 Interviews,659 Jobs
Aurobindo Pharma,4.0,(5.6k),Pharma | Hyderabad / Secunderabad +116 other locations,20.9k Salaries,283 Interviews,3 Jobs
SMFG India Credit,3.9,(5.6k),NBFC | Mumbai +585 other locations,10.8k Salaries,195 Interviews,89 Jobs
Siemens,3.9,(5.6k),Industrial Automation | Bangalore / Bengaluru +152 other locations,33k Salaries,492 Interviews,42 Jobs
Shapoorji Pallonji Group,4.1,(5.5k),Engineering & Construction | Mumbai +188 other locations,15.1k Salaries,402 Interviews,63 Jobs
CGI Group,4.0,(5.5k),IT Services & Consulting | Bangalore / Bengaluru +44 other locations,46.2k Salaries,554 Interviews,274 Jobs
BigBasket,3.9,(5.5k),Internet | Bangalore / Bengaluru +137 other locations,18.7k Salaries,452 Interviews,84 Jobs
Access Healthcare,3.7,(5.5k),Healthcare | Chennai +61 other locations,27.5k Salaries,368 Interviews,685 Jobs
ICICI Lombard General Insurance Company,3.5,(5.5k),Insurance | Mumbai +310 other locations,19.7k Salaries,344 Interviews,144 Jobs
Manappuram Finance,3.9,(5.5k),NBFC | Bangalore / Bengaluru +634 other locations,9.3k Salaries,209 Interviews,4 Jobs
Standard Chartered,3.6,(5.5k),Banking | Chennai +68 other locations,41.7k Salaries,312 Interviews,-- Jobs
Firstsource Solutions,3.5,(5.5k),BPO | Bangalore / Bengaluru +71 other locations,23.7k Salaries,346 Interviews,144 Jobs
GlobalLogic,3.5,(5.5k),IT Services & Consulting | Hyderabad / Secunderabad +60 other locations,39.9k Salaries,673 Interviews,59 Jobs
Apollo Hospitals,4.0,(5.4k),Healthcare | Chennai +227 other locations,16.2k Salaries,452 Interviews,80 Jobs
Mahindra Finance,3.9,(5.4k),NBFC | Mumbai +718 other locations,11.8k Salaries,197 Interviews,465 Jobs
UST,3.7,(5.4k),IT Services & Consulting | Bangalore / Bengaluru +49 other locations,38.7k Salaries,569 Interviews,160 Jobs
Bosch Global Software Technologies,3.8,(5.4k),IT Services & Consulting | Bangalore / Bengaluru +47 other locations,39k Salaries,377 Interviews,100 Jobs
Ashok Leyland,4.0,(5.3k),Automobile | Chennai +248 other locations,18.5k Salaries,305 Interviews,-- Jobs
Citicorp,3.7,(5.3k),Financial Services | Pune +67 other locations,50.7k Salaries,612 Interviews,-- Jobs
PolicyBazaar,3.7,(5.3k),Internet | Gurgaon / Gurugram +139 other locations,16.7k Salaries,573 Interviews,590 Jobs
Cyient,3.6,(5.2k),IT Services & Consulting | Hyderabad / Secunderabad +47 other locations,27.2k Salaries,319 Interviews,106 Jobs
Swiggy,3.7,(5.2k),Internet | Bangalore / Bengaluru +227 other locations,22.2k Salaries,536 Interviews,248 Jobs
Hero MotoCorp,4.1,(5.2k),Automobile | Gurgaon / Gurugram +362 other locations,15.6k Salaries,394 Interviews,2 Jobs
JustDial,3.5,(5k),Internet | Noida +226 other locations,15.4k Salaries,381 Interviews,59 Jobs
SBI Cards & Payment Services,3.6,(5k),Financial Services | Gurgaon / Gurugram +429 other locations,15.8k Salaries,289 Interviews,114 Jobs
Kalpataru Projects International,4.1,(5k),Engineering & Construction | Mumbai +314 other locations,13.6k Salaries,310 Interviews,-- Jobs
IQVIA,3.7,(5k),Clinical Research | Bangalore / Bengaluru +62 other locations,30.1k Salaries,527 Interviews,22 Jobs
BNY,3.7,(5k),Financial Services | Pune +25 other locations,30.4k Salaries,382 Interviews,-- Jobs
CBRE,4.1,(4.9k),Real Estate | Hyderabad / Secunderabad +91 other locations,18.3k Salaries,329 Interviews,29 Jobs
SBI Life Insurance Company,3.7,(4.9k),Insurance | Mumbai +645 other locations,11.5k Salaries,292 Interviews,9 Jobs
NTT Data,3.8,(4.9k),IT Services & Consulting | Bangalore / Bengaluru +77 other locations,34.7k Salaries,708 Interviews,123 Jobs
TVS Motor,3.9,(4.9k),Automobile | Hosur +344 other locations,15.6k Salaries,378 Interviews,71 Jobs
Nagarjuna Construction Company,4.1,(4.9k),Engineering & Construction | Hyderabad / Secunderabad +290 other locations,11.9k Salaries,408 Interviews,15 Jobs
vivo,4.1,(4.8k),Consumer Electronics & Appliances | Noida +413 other locations,12.9k Salaries,227 Interviews,5 Jobs
Persistent Systems,3.6,(4.8k),IT Services & Consulting | Pune +42 other locations,43k Salaries,691 Interviews,300 Jobs
Atos,3.8,(4.8k),IT Services & Consulting | Pune +49 other locations,33.8k Salaries,402 Interviews,106 Jobs
State Bank of India,3.8,(4.8k),Banking | Mumbai +613 other locations,11.3k Salaries,300 Interviews,18 Jobs
Eviden,3.6,(4.8k),IT Services & Consulting | Pune +39 other locations,28.6k Salaries,314 Interviews,7 Jobs
Schneider Electric,4.1,(4.8k),Industrial Automation | Bangalore / Bengaluru +118 other locations,23.8k Salaries,424 Interviews,37 Jobs
Ecom Express,4.0,(4.7k),Logistics | Gurgaon / Gurugram +772 other locations,9.4k Salaries,255 Interviews,-- Jobs
Amdocs,3.6,(4.7k),Software Product | Pune +22 other locations,36.9k Salaries,555 Interviews,59 Jobs
Nagarro,3.9,(4.7k),IT Services & Consulting | Gurgaon / Gurugram +49 other locations,31.7k Salaries,825 Interviews,339 Jobs
KEC International,4.0,(4.6k),Engineering & Construction | Mumbai +309 other locations,13.1k Salaries,397 Interviews,4 Jobs
JBM Group,3.9,(4.6k),Auto Components | Gurgaon / Gurugram +113 other locations,13.8k Salaries,330 Interviews,48 Jobs
Home Credit Finance,4.0,(4.6k),NBFC | Gurgaon / Gurugram +136 other locations,9.5k Salaries,141 Interviews,111 Jobs
Varun Beverages,4.0,(4.6k),Beverage | New Delhi +374 other locations,12k Salaries,321 Interviews,37 Jobs
Piramal Capital Housing Finance,4.2,(4.5k),NBFC | Mumbai +383 other locations,9.4k Salaries,225 Interviews,4 Jobs
Bosch,4.2,(4.5k),Auto Components | Bangalore / Bengaluru +124 other locations,20.4k Salaries,369 Interviews,-- Jobs
Hewlett Packard Enterprise,4.1,(4.5k),IT Services & Consulting | Bangalore / Bengaluru +104 other locations,26.5k Salaries,261 Interviews,101 Jobs
OPPO,3.9,(4.5k),Consumer Electronics & Appliances | Greater Noida +407 other locations,12k Salaries,245 Interviews,8 Jobs
EY Global Delivery Services ( EY GDS),3.5,(4.5k),Accounting & Auditing | Bangalore / Bengaluru +54 other locations,46.7k Salaries,864 Interviews,35 Jobs
ITC Infotech,3.7,(4.4k),IT Services & Consulting | Bangalore / Bengaluru +67 other locations,29.1k Salaries,404 Interviews,99 Jobs
Mahindra Logistics,3.7,(4.4k),Logistics | Mumbai +232 other locations,12.9k Salaries,241 Interviews,-- Jobs
Dell,3.8,(4.4k),Consumer Electronics & Appliances | Bangalore / Bengaluru +116 other locations,28.4k Salaries,418 Interviews,25 Jobs
Aditya Birla Fashion and Retail,4.1,(4.4k),Fashion & Textile | Bangalore / Bengaluru +287 other locations,12.7k Salaries,259 Interviews,70 Jobs
L&T Finance,3.9,(4.4k),NBFC | Mumbai +619 other locations,11.8k Salaries,207 Interviews,-- Jobs
CARS24,3.4,(4.4k),Internet | Gurgaon / Gurugram +173 other locations,15.2k Salaries,393 Interviews,98 Jobs
Randstad,3.7,(4.4k),Recruitment | Hyderabad / Secunderabad +344 other locations,15.9k Salaries,309 Interviews,6 Jobs
R1 RCM,3.8,(4.3k),BPO | New Delhi +46 other locations,20.9k Salaries,347 Interviews,147 Jobs
Utkarsh Small Finance Bank,3.6,(4.3k),Banking | Varanasi +396 other locations,10.7k Salaries,283 Interviews,26 Jobs
Havells,3.9,(4.3k),Electrical Equipment | Noida +250 other locations,14.6k Salaries,268 Interviews,36 Jobs
Intas Pharmaceuticals,4.1,(4.3k),Pharma | Ahmedabad +145 other locations,17.1k Salaries,249 Interviews,46 Jobs
Hyundai Motor India Limited,4.1,(4.3k),Automobile | Chennai +285 other locations,13.7k Salaries,312 Interviews,4 Jobs
Deutsche Bank,3.9,(4.2k),Banking | Pune +42 other locations,35.3k Salaries,414 Interviews,675 Jobs
Tata AIA Life Insurance,3.9,(4.2k),Insurance | Mumbai +432 other locations,13.5k Salaries,240 Interviews,667 Jobs
Hetero,3.9,(4.2k),Pharma | Hyderabad / Secunderabad +66 other locations,15k Salaries,283 Interviews,144 Jobs
Motilal Oswal Financial Services,3.7,(4.2k),Financial Services | Mumbai +165 other locations,12.7k Salaries,528 Interviews,67 Jobs
Team Lease,3.9,(4.1k),Recruitment | Bangalore / Bengaluru +388 other locations,15.8k Salaries,240 Interviews,1 Jobs
Berger Paints,3.7,(4.1k),Chemicals | Kolkata +340 other locations,9.8k Salaries,383 Interviews,174 Jobs
Lenskart,3.2,(4.1k),Internet | New Delhi +233 other locations,12.6k Salaries,417 Interviews,118 Jobs
Bajaj Auto,3.8,(4.1k),Automobile | Pune +312 other locations,14.5k Salaries,312 Interviews,-- Jobs
Thermax Limited,4.2,(4k),Industrial Machinery | Pune +241 other locations,12.9k Salaries,319 Interviews,109 Jobs
Macleods Pharmaceuticals,3.6,(4k),Pharma | Mumbai +130 other locations,15.5k Salaries,256 Interviews,13 Jobs
Aakash Educational Services,3.2,(4k),Education & Training | New Delhi +243 other locations,13.4k Salaries,360 Interviews,79 Jobs
LG Electronics,3.9,(4k),Consumer Electronics & Appliances | Pune +294 other locations,10.9k Salaries,248 Interviews,1 Jobs
Jubilant Foods Works,3.7,(4k),Hospitality | New Delhi +256 other locations,8.8k Salaries,241 Interviews,151 Jobs
VE Commercial Vehicles,3.9,(3.9k),Automobile | Indore +153 other locations,13.1k Salaries,268 Interviews,2 Jobs
Royal Enfield,4.2,(3.9k),Automobile | Chennai +370 other locations,14.7k Salaries,191 Interviews,12 Jobs
Tata Communications,3.9,(3.9k),Telecom | Pune +101 other locations,23.4k Salaries,294 Interviews,32 Jobs
John Deere,4.0,(3.9k),Industrial Machinery | Pune +153 other locations,15k Salaries,261 Interviews,2 Jobs
Jindal Steel Limited,3.9,(3.9k),Iron & Steel | Angul +172 other locations,15.2k Salaries,396 Interviews,35 Jobs
HDFC Ergo General Insurance,3.9,(3.9k),Insurance | Mumbai +319 other locations,11.9k Salaries,187 Interviews,29 Jobs
DCB Bank,3.8,(3.9k),Banking | Mumbai +336 other locations,9.5k Salaries,217 Interviews,4 Jobs
Hindalco Industries,4.2,(3.9k),Metals & Mining | Sambalpur +124 other locations,12.1k Salaries,275 Interviews,22 Jobs
Oyo Rooms,3.1,(3.8k),Internet | Gurgaon / Gurugram +119 other locations,14.7k Salaries,251 Interviews,119 Jobs
Cummins,4.3,(3.8k),Industrial Machinery | Pune +114 other locations,15.3k Salaries,272 Interviews,10 Jobs
State Street Corporation,3.5,(3.8k),Financial Services | Bangalore / Bengaluru +33 other locations,30.6k Salaries,278 Interviews,5 Jobs
RBL Bank,3.6,(3.8k),Banking | Mumbai +282 other locations,18.1k Salaries,227 Interviews,63 Jobs
Reliance Communications,4.0,(3.8k),Telecom | Mumbai +467 other locations,9.7k Salaries,102 Interviews,-- Jobs
Carelon Global Solutions,3.9,(3.8k),Software Product | Bangalore / Bengaluru +21 other locations,26.3k Salaries,405 Interviews,33 Jobs
Alembic Pharmaceuticals,3.9,(3.7k),Pharma | Vadodara +184 other locations,15.1k Salaries,245 Interviews,63 Jobs
Pidilite Industries,4.2,(3.7k),Chemicals | Mumbai +303 other locations,11.2k Salaries,247 Interviews,-- Jobs
Bank of America,4.2,(3.7k),Banking | Gurgaon / Gurugram +35 other locations,27.8k Salaries,280 Interviews,-- Jobs
XpressBees,4.2,(3.7k),Logistics | Pune +473 other locations,8.1k Salaries,434 Interviews,12 Jobs
Subros,3.8,(3.7k),Auto Components | Noida +87 other locations,12.4k Salaries,211 Interviews,1 Jobs
PVR Inox,3.9,(3.7k),Media & Entertainment | New Delhi +150 other locations,9.3k Salaries,203 Interviews,12 Jobs
American Express,4.1,(3.7k),Financial Services | Gurgaon / Gurugram +51 other locations,24k Salaries,410 Interviews,184 Jobs
Publicis Sapient,3.4,(3.7k),IT Services & Consulting | Bangalore / Bengaluru +46 other locations,30.4k Salaries,676 Interviews,265 Jobs
Kogta Financial India Limited,4.7,(3.7k),NBFC | Jaipur +246 other locations,1.8k Salaries,186 Interviews,108 Jobs
Viatris,4.1,(3.7k),Pharma | Hyderabad / Secunderabad +82 other locations,14.1k Salaries,161 Interviews,5 Jobs
Automatic Data Processing (ADP),3.9,(3.7k),Software Product | Hyderabad / Secunderabad +40 other locations,21.8k Salaries,286 Interviews,20 Jobs
Sodexo,4.0,(3.6k),Facility Management Services | Mumbai +154 other locations,9.9k Salaries,194 Interviews,1k Jobs
Escorts Kubota Limited,4.0,(3.6k),Automobile | Faridabad +151 other locations,13k Salaries,276 Interviews,3 Jobs
PNB MetLife,3.4,(3.6k),Insurance | New Delhi +416 other locations,8k Salaries,186 Interviews,2 Jobs
Aditya Birla Sun Life Insurance,4.0,(3.6k),Insurance | Mumbai +479 other locations,9.8k Salaries,172 Interviews,-- Jobs
Maersk,4.0,(3.6k),Logistics | Chennai +49 other locations,18.6k Salaries,241 Interviews,65 Jobs
Grasim Industries,4.0,(3.6k),Building Material | Bharuch +232 other locations,12.5k Salaries,266 Interviews,4 Jobs
Tata Capital,3.9,(3.6k),NBFC | Mumbai +341 other locations,11.2k Salaries,185 Interviews,1.1k Jobs
Kyndryl,3.9,(3.6k),IT Services & Consulting | Bangalore / Bengaluru +36 other locations,25.5k Salaries,213 Interviews,19 Jobs
Godrej & Boyce Manufacturing,3.9,(3.5k),Consumer Electronics & Appliances | Mumbai +163 other locations,14.9k Salaries,217 Interviews,73 Jobs
Cogent E Services,3.1,(3.5k),BPO | Noida +55 other locations,10k Salaries,289 Interviews,1 Jobs
Birlasoft,3.5,(3.5k),IT Services & Consulting | Pune +49 other locations,29.5k Salaries,311 Interviews,-- Jobs
Dabur,3.9,(3.5k),FMCG | New Delhi +317 other locations,8.6k Salaries,320 Interviews,15 Jobs
Samvardhana Motherson Group,3.7,(3.5k),Auto Components | Noida +91 other locations,12.1k Salaries,254 Interviews,11 Jobs
Glenmark Pharmaceuticals,3.8,(3.5k),Pharma | Mumbai +178 other locations,12.1k Salaries,173 Interviews,119 Jobs
Abbott,4.1,(3.5k),Pharma | Mumbai +211 other locations,11.5k Salaries,175 Interviews,288 Jobs
Synechron,3.5,(3.5k),IT Services & Consulting | Pune +31 other locations,27.5k Salaries,400 Interviews,63 Jobs
Bharat Electronics,4.2,(3.5k),Electronics Manufacturing | Bangalore / Bengaluru +88 other locations,12.3k Salaries,238 Interviews,-- Jobs
Kotak Mahindara Life Insurance,3.5,(3.5k),Insurance | Mumbai +251 other locations,12.5k Salaries,256 Interviews,253 Jobs
JK Cement,4.0,(3.5k),Building Material | New Delhi +319 other locations,9.6k Salaries,320 Interviews,2 Jobs
KPIT Technologies,3.0,(3.5k),Software Product | Pune +43 other locations,22.4k Salaries,331 Interviews,58 Jobs
Aarti Industries,4.0,(3.5k),Agro Chemicals | Bharuch +57 other locations,14.1k Salaries,320 Interviews,4 Jobs
Ipca Laboratories,3.9,(3.5k),Pharma | Mumbai +158 other locations,11.4k Salaries,192 Interviews,39 Jobs
Reliance Projects & Property Management Services,4.0,(3.5k),IT Services & Consulting | Kolkata +608 other locations,7.1k Salaries,200 Interviews,-- Jobs
Indian Oil Corporation,4.4,(3.5k),Oil & Gas | New Delhi +303 other locations,7.7k Salaries,233 Interviews,-- Jobs
Alkem Laboratories,3.9,(3.4k),Pharma | Mumbai +193 other locations,9.7k Salaries,190 Interviews,20 Jobs
"NTT DATA, Inc.",3.9,(3.4k),IT Services & Consulting | Bangalore / Bengaluru +33 other locations,21.4k Salaries,147 Interviews,62 Jobs
MRF Tyres,3.6,(3.4k),Auto Components | Chennai +192 other locations,12.3k Salaries,359 Interviews,18 Jobs
Johnson Controls,3.5,(3.4k),Industrial Automation | Pune +56 other locations,17k Salaries,294 Interviews,18 Jobs
Reliance Digital,4.1,(3.4k),Retail | Mumbai +375 other locations,8k Salaries,156 Interviews,-- Jobs
IGT Solutions,3.3,(3.4k),BPO | New Delhi +48 other locations,13.3k Salaries,242 Interviews,95 Jobs
Honda Motorcycle & Scooter,4.1,(3.4k),Automobile | Gurgaon / Gurugram +292 other locations,11k Salaries,191 Interviews,-- Jobs
Vishal Mega Mart,3.7,(3.3k),Retail | New Delhi +370 other locations,6.1k Salaries,194 Interviews,1 Jobs
Ford Motor,4.2,(3.3k),Automobile | Chennai +130 other locations,14.8k Salaries,172 Interviews,1 Jobs
UBS,3.9,(3.3k),Financial Services | Pune +19 other locations,30.9k Salaries,367 Interviews,11 Jobs
Hindustan Coca Cola Beverages,4.0,(3.3k),Beverage | Bangalore / Bengaluru +254 other locations,7.4k Salaries,168 Interviews,30 Jobs
24/7 Customer,3.4,(3.3k),Software Product | Bangalore / Bengaluru +36 other locations,11.3k Salaries,180 Interviews,65 Jobs
ArcelorMittal Nippon Steel,4.1,(3.3k),Iron & Steel | Surat +85 other locations,11.2k Salaries,263 Interviews,34 Jobs
DTDC Express,3.7,(3.3k),Logistics | New Delhi +267 other locations,8.4k Salaries,188 Interviews,19 Jobs
PhonePe,4.0,(3.3k),FinTech | Bangalore / Bengaluru +375 other locations,12.4k Salaries,393 Interviews,7 Jobs
Reliance Nippon Life Insurance,3.4,(3.3k),Insurance | Mumbai +478 other locations,8.5k Salaries,162 Interviews,2 Jobs
Ceat Tyres,3.9,(3.3k),Auto Components | Nagpur +138 other locations,12.7k Salaries,202 Interviews,3 Jobs
HARMAN,3.8,(3.2k),Consumer Electronics & Appliances | Bangalore / Bengaluru +40 other locations,23.9k Salaries,288 Interviews,205 Jobs
ABB,4.1,(3.2k),Industrial Machinery | Bangalore / Bengaluru +106 other locations,17.2k Salaries,273 Interviews,516 Jobs
RSPL Group,4.0,(3.2k),FMCG | Kanpur +248 other locations,9.3k Salaries,239 Interviews,39 Jobs
UNO Minda,3.9,(3.2k),Auto Components | Pune +105 other locations,10.7k Salaries,225 Interviews,3 Jobs
Indian Air Force,4.6,(3.2k),Defence & Aerospace | New Delhi +134 other locations,5.1k Salaries,77 Interviews,-- Jobs
NatWest Group,4.0,(3.2k),Banking | Gurgaon / Gurugram +28 other locations,20.4k Salaries,233 Interviews,281 Jobs
Barclays,3.7,(3.2k),Banking | Pune +36 other locations,29.9k Salaries,300 Interviews,-- Jobs
Cloudnine Hospital,4.4,(3.2k),Healthcare | Bangalore / Bengaluru +45 other locations,2.8k Salaries,909 Interviews,6 Jobs
Marpu Foundation,4.9,(3.2k),Non-Profit | Hyderabad / Secunderabad +61 other locations,61 Salaries,247 Interviews,-- Jobs
AGS Health,4.0,(3.2k),Analytics & KPO | Chennai +59 other locations,13.9k Salaries,198 Interviews,36 Jobs
Conduent,3.4,(3.1k),BPO | Bangalore / Bengaluru +34 other locations,16.7k Salaries,224 Interviews,813 Jobs
InterGlobe Aviation,3.5,(3.1k),Aviation | New Delhi +101 other locations,13.3k Salaries,359 Interviews,86 Jobs
Alstom Transportation,3.7,(3.1k),Engineering & Construction | Bangalore / Bengaluru +80 other locations,14.3k Salaries,274 Interviews,208 Jobs
GeBBS Healthcare Solutions,3.7,(3.1k),Healthcare | Mumbai +26 other locations,11.4k Salaries,174 Interviews,73 Jobs
TVS Credit Services Ltd,4.2,(3.1k),NBFC | Chennai +420 other locations,7.1k Salaries,147 Interviews,40 Jobs
Tata Technologies,3.4,(3.1k),Engineering & Construction | Pune +53 other locations,22.1k Salaries,302 Interviews,101 Jobs
Tata AIG,4.0,(3.1k),Insurance | Mumbai +258 other locations,11.3k Salaries,186 Interviews,106 Jobs
Blinkit,3.7,(3.1k),Internet | Gurgaon / Gurugram +140 other locations,11.7k Salaries,296 Interviews,1 Jobs
Max Healthcare,3.9,(3.1k),Healthcare | New Delhi +78 other locations,10.1k Salaries,179 Interviews,151 Jobs
Croma,3.8,(3.1k),Retail | Mumbai +185 other locations,8.8k Salaries,172 Interviews,18 Jobs
Future Group,4.2,(3.1k),Retail | Mumbai +206 other locations,6.9k Salaries,81 Interviews,-- Jobs
UPL,4.1,(3.1k),Agro Chemicals | Ankleshwar +183 other locations,10.8k Salaries,211 Interviews,48 Jobs
Amazon Transportation Services,4.2,(3k),Hyderabad / Secunderabad +223 other locations,8.1k Salaries,248 Interviews,-- Jobs
PepsiCo,4.0,(3k),Food Processing | Hyderabad / Secunderabad +273 other locations,12.8k Salaries,229 Interviews,441 Jobs
Dilip Buildcon,3.9,(3k),Engineering & Construction | Bhopal +226 other locations,8.2k Salaries,175 Interviews,11 Jobs
Bajaj General Insurance Limited,3.8,(3k),Insurance | Pune +271 other locations,9k Salaries,119 Interviews,355 Jobs
Walmart,3.4,(3k),Retail | Bangalore / Bengaluru +91 other locations,21.3k Salaries,430 Interviews,221 Jobs
Mankind Pharma,3.8,(3k),Pharma | New Delhi +244 other locations,9.2k Salaries,240 Interviews,6 Jobs
Titan Company,4.2,(3k),Retail | Bangalore / Bengaluru +178 other locations,9.3k Salaries,189 Interviews,101 Jobs
S&P Global,4.0,(3k),Analytics & KPO | Hyderabad / Secunderabad +47 other locations,19.8k Salaries,323 Interviews,223 Jobs
Varroc Group,3.6,(3k),Auto Components | Pune +61 other locations,9.3k Salaries,212 Interviews,56 Jobs
MSN Laboratories,3.6,(3k),Pharma | Hyderabad / Secunderabad +101 other locations,9.3k Salaries,165 Interviews,41 Jobs
Afcons Infrastructure,4.2,(2.9k),Engineering & Construction | Mumbai +120 other locations,8.4k Salaries,256 Interviews,28 Jobs
Societe Generale Global Solution Centre,3.7,(2.9k),IT Services & Consulting | Bangalore / Bengaluru +24 other locations,22.4k Salaries,291 Interviews,11 Jobs
Altruist Technologies,4.3,(3k),BPO | Bangalore / Bengaluru +43 other locations,8k Salaries,285 Interviews,10 Jobs
CMS IT Services,3.1,(2.9k),IT Services & Consulting | Mumbai +152 other locations,9.5k Salaries,153 Interviews,50 Jobs
Jindal Stainless,4.2,(2.9k),Iron & Steel | Jajpur +75 other locations,11.2k Salaries,299 Interviews,13 Jobs
Torrent Pharmaceuticals,4.0,(2.9k),Pharma | Ahmedabad +125 other locations,10.1k Salaries,155 Interviews,37 Jobs
Quest Global,3.5,(2.9k),IT Services & Consulting | Bangalore / Bengaluru +46 other locations,20.8k Salaries,344 Interviews,133 Jobs
I Process Services,3.8,(2.9k),Recruitment | Mumbai +404 other locations,5.3k Salaries,128 Interviews,-- Jobs
Square Yards,3.7,(2.9k),Internet | Gurgaon / Gurugram +50 other locations,9.1k Salaries,222 Interviews,43 Jobs
HDFC Sales,3.9,(2.9k),Financial Services | Mumbai +340 other locations,8.5k Salaries,187 Interviews,10 Jobs
Zensar Technologies,3.7,(2.9k),IT Services & Consulting | Pune +29 other locations,25.4k Salaries,272 Interviews,346 Jobs
ACC,3.9,(2.9k),Building Material | Mumbai +263 other locations,9k Salaries,226 Interviews,20 Jobs
Shoppers Stop,4.0,(2.8k),Retail | Mumbai +83 other locations,6.9k Salaries,135 Interviews,10 Jobs
IDFC FIRST Bharat,4.2,(2.9k),Financial Services | Chennai +405 other locations,5k Salaries,138 Interviews,4 Jobs
DS Group,4.1,(2.8k),FMCG | Noida +276 other locations,7k Salaries,201 Interviews,53 Jobs
Fujitsu,3.8,(2.8k),IT Services & Consulting | Pune +40 other locations,17.1k Salaries,209 Interviews,142 Jobs
Suzlon Group,4.0,(2.8k),Power | Pune +139 other locations,7.8k Salaries,159 Interviews,15 Jobs
Nokia,4.0,(2.8k),Telecom | Bangalore / Bengaluru +165 other locations,15.9k Salaries,307 Interviews,131 Jobs
Eternal Limited,3.6,(2.8k),Internet | Gurgaon / Gurugram +216 other locations,14.1k Salaries,352 Interviews,8 Jobs
Apollo Tyres,4.0,(2.8k),Auto Components | Chennai +180 other locations,9.6k Salaries,146 Interviews,-- Jobs
UnitedHealth,4.0,(2.8k),Healthcare | Hyderabad / Secunderabad +17 other locations,14.7k Salaries,84 Interviews,-- Jobs
ESAF Small Finance Bank,3.6,(2.8k),Banking | Thrissur +436 other locations,7.4k Salaries,154 Interviews,34 Jobs
Tata Elxsi,3.6,(2.8k),IT Services & Consulting | Bangalore / Bengaluru +30 other locations,21.9k Salaries,333 Interviews,58 Jobs
Indus Towers,3.6,(2.8k),Telecom | Gurgaon / Gurugram +230 other locations,8.8k Salaries,220 Interviews,38 Jobs
VVDN Technologies,3.6,(2.8k),IT Services & Consulting | Gurgaon / Gurugram +49 other locations,13.2k Salaries,246 Interviews,11 Jobs
Fiserv,2.9,(2.8k),FinTech | Pune +32 other locations,17.6k Salaries,192 Interviews,5 Jobs
Yazaki,3.9,(2.7k),Auto Components | Pune +92 other locations,8.8k Salaries,169 Interviews,-- Jobs
IKS Health,3.5,(2.7k),Healthcare | Mumbai +31 other locations,10.9k Salaries,258 Interviews,13 Jobs
Ola Electric Mobility,3.3,(2.7k),Automobile | Bangalore / Bengaluru +407 other locations,8.9k Salaries,280 Interviews,-- Jobs
Whitehat jr,3.3,(2.7k),EdTech | Mumbai +49 other locations,9.6k Salaries,264 Interviews,-- Jobs
Landmark Group,3.8,(2.7k),Retail | Bangalore / Bengaluru +170 other locations,9.1k Salaries,171 Interviews,11 Jobs
Sagility,3.9,(2.7k),BPO | Bangalore / Bengaluru +27 other locations,10.5k Salaries,226 Interviews,26 Jobs
Shree Cement,3.7,(2.7k),Building Material | Beawar +249 other locations,9.5k Salaries,197 Interviews,1 Jobs
Britannia,4.0,(2.7k),FMCG | Pune +294 other locations,8k Salaries,212 Interviews,4 Jobs
SRF,4.1,(2.7k),Chemicals | Bharuch +66 other locations,8.7k Salaries,204 Interviews,16 Jobs
Blue Dart Express Ltd,3.9,(2.7k),Logistics | Mumbai +274 other locations,6.7k Salaries,122 Interviews,-- Jobs
Bharat Financial Inclusion,3.7,(2.7k),NBFC | Hyderabad / Secunderabad +479 other locations,4.9k Salaries,113 Interviews,1 Jobs
Capita,3.5,(2.6k),BPO | Pune +32 other locations,12.9k Salaries,162 Interviews,56 Jobs
Flex,3.9,(2.6k),Electronics Manufacturing | Chennai +46 other locations,15.9k Salaries,207 Interviews,84 Jobs
Shell,3.9,(2.6k),Oil & Gas | Bangalore / Bengaluru +90 other locations,13.7k Salaries,227 Interviews,5 Jobs
Kansai Nerolac Paints,3.8,(2.6k),Chemicals | Mumbai +248 other locations,7.5k Salaries,183 Interviews,65 Jobs
Exide Industries,3.4,(2.6k),Auto Components | Kolkata +198 other locations,8.3k Salaries,207 Interviews,76 Jobs
ElasticRun,3.6,(2.6k),Logistics | Pune +387 other locations,6.1k Salaries,267 Interviews,21 Jobs
Micro Labs,3.6,(2.6k),Pharma | Bangalore / Bengaluru +149 other locations,9.7k Salaries,148 Interviews,12 Jobs
Dalmia Bharat Cement,3.9,(2.6k),Building Material | Guwahati +248 other locations,8.4k Salaries,183 Interviews,2 Jobs
Nestlé,3.8,(2.6k),FMCG | Gurgaon / Gurugram +271 other locations,9.6k Salaries,274 Interviews,10 Jobs
TVS Supply Chain Solutions,3.8,(2.6k),Logistics | Chennai +150 other locations,8.4k Salaries,148 Interviews,17 Jobs
KPMG Global Services,3.4,(2.6k),Management Consulting | Bangalore / Bengaluru +37 other locations,23.5k Salaries,245 Interviews,8 Jobs
G4S,4.0,(2.6k),Law Enforcement & Security | Gurgaon / Gurugram +159 other locations,5k Salaries,123 Interviews,440 Jobs
KFintech,3.4,(2.6k),FinTech | Hyderabad / Secunderabad +113 other locations,11k Salaries,167 Interviews,7 Jobs
Sahrudaya Healthcare (Medicover Hospitals),4.5,(2.6k),Healthcare | Hyderabad / Secunderabad +45 other locations,3.4k Salaries,138 Interviews,26 Jobs
Voltas,4.0,(2.6k),Consumer Electronics & Appliances | Mumbai +200 other locations,8.5k Salaries,170 Interviews,26 Jobs
BlackBuck,3.7,(2.5k),Internet | Bangalore / Bengaluru +361 other locations,6.2k Salaries,205 Interviews,18 Jobs
ZS,3.1,(2.5k),Management Consulting | Pune +16 other locations,19.3k Salaries,503 Interviews,119 Jobs
Star Health & Allied Insurance,3.5,(2.5k),Insurance | Chennai +321 other locations,9.5k Salaries,149 Interviews,54 Jobs
GATI-KWE,3.9,(2.5k),Logistics | Hyderabad / Secunderabad +161 other locations,4.9k Salaries,99 Interviews,10 Jobs
Ajanta Pharma,3.9,(2.5k),Pharma | Mumbai +118 other locations,8.7k Salaries,153 Interviews,27 Jobs
Sonalika Tractors,3.6,(2.5k),Automobile | Hoshiarpur +186 other locations,8.9k Salaries,159 Interviews,-- Jobs
Blue Star,4.1,(2.5k),Consumer Electronics & Appliances | Mumbai +147 other locations,9.4k Salaries,191 Interviews,22 Jobs
ACT Fibernet,3.9,(2.5k),Telecom | Hyderabad / Secunderabad +54 other locations,7.5k Salaries,157 Interviews,108 Jobs
suzuki motor gujarat,4.2,(2.5k),Automobile | Ahmedabad +116 other locations,7.9k Salaries,218 Interviews,21 Jobs
Domino's Pizza,3.9,(2.5k),New Delhi +242 other locations,4.1k Salaries,114 Interviews,-- Jobs
Bajaj Electricals,3.9,(2.5k),Consumer Electronics & Appliances | Mumbai +233 other locations,7.6k Salaries,145 Interviews,12 Jobs
Care Health Insurance,3.6,(2.5k),Internet | Gurgaon / Gurugram +240 other locations,8.5k Salaries,150 Interviews,36 Jobs
Sterlite Technologies,3.8,(2.5k),Hardware & Networking | Aurangabad +101 other locations,9.9k Salaries,179 Interviews,139 Jobs
NoBroker,3.0,(2.5k),Internet | Bangalore / Bengaluru +49 other locations,10.4k Salaries,274 Interviews,323 Jobs
Fortis Healthcare,4.0,(2.5k),Healthcare | New Delhi +69 other locations,7.3k Salaries,176 Interviews,97 Jobs
Sammaan Capital Limited,3.8,(2.5k),NBFC | Gurgaon / Gurugram +201 other locations,6k Salaries,111 Interviews,8 Jobs
Zepto,3.5,(2.5k),Internet | Bangalore / Bengaluru +97 other locations,8.3k Salaries,412 Interviews,62 Jobs
Gallagher,3.7,(2.5k),Insurance | Bangalore / Bengaluru +29 other locations,13.5k Salaries,259 Interviews,171 Jobs
Movate,3.1,(2.5k),IT Services & Consulting | Chennai +37 other locations,14.6k Salaries,283 Interviews,123 Jobs
DBS Bank,3.7,(2.4k),Banking | Hyderabad / Secunderabad +170 other locations,12.7k Salaries,189 Interviews,288 Jobs
Alldigi Tech,3.9,(2.4k),BPO | Chennai +36 other locations,7.3k Salaries,223 Interviews,19 Jobs
Foundever,3.4,(2.4k),BPO | Hyderabad / Secunderabad +23 other locations,8.3k Salaries,172 Interviews,76 Jobs
Adani Power,3.7,(2.4k),Power | Mundra +122 other locations,9.1k Salaries,291 Interviews,-- Jobs
Exl India,3.5,(2.4k),Logistics | New Delhi +44 other locations,14.4k Salaries,120 Interviews,-- Jobs
Statestreet HCL Services,3.4,(2.4k),BPO | Chennai +18 other locations,14.1k Salaries,217 Interviews,-- Jobs
V-Mart,4.1,(2.4k),Retail | Gurgaon / Gurugram +280 other locations,4.2k Salaries,182 Interviews,17 Jobs
Himalaya Wellness,4.0,(2.4k),Pharma | Bangalore / Bengaluru +230 other locations,5.8k Salaries,142 Interviews,36 Jobs
Tractors and Farm Equipment,3.9,(2.4k),Industrial Machinery | Chennai +190 other locations,8.3k Salaries,128 Interviews,11 Jobs
Paras Hospital,4.1,(2.4k),Healthcare | Patna +61 other locations,3.1k Salaries,97 Interviews,48 Jobs
Patanjali Ayurved,3.9,(2.4k),FMCG | Haridwar +301 other locations,5.9k Salaries,133 Interviews,-- Jobs
BT Group,3.8,(2.4k),Telecom | Gurgaon / Gurugram +23 other locations,11.1k Salaries,222 Interviews,8 Jobs
Parle Agro,3.9,(2.4k),Beverage | Mumbai +253 other locations,6.7k Salaries,139 Interviews,5 Jobs
McDonald's,3.9,(2.4k),Hospitality | New Delhi +146 other locations,4.9k Salaries,147 Interviews,1 Jobs
Tata Advanced Systems,3.7,(2.4k),Defence & Aerospace | Bangalore / Bengaluru +55 other locations,12.2k Salaries,176 Interviews,-- Jobs
JCB,3.9,(2.4k),Industrial Machinery | Pune +111 other locations,9.4k Salaries,153 Interviews,-- Jobs
IntouchCX,2.7,(2.4k),BPO | Hyderabad / Secunderabad +21 other locations,9.6k Salaries,222 Interviews,230 Jobs
Niva Bupa Health Insurance Company,3.6,(2.4k),Insurance | New Delhi +256 other locations,8k Salaries,161 Interviews,10 Jobs
Tata Electronics,3.9,(2.4k),Semiconductors | Hosur +47 other locations,9.9k Salaries,232 Interviews,47 Jobs
ICICI Securities,3.9,(2.4k),Financial Services | Mumbai +147 other locations,9.5k Salaries,184 Interviews,22 Jobs
Axis Direct,3.6,(2.3k),Financial Services | Mumbai +267 other locations,4.7k Salaries,86 Interviews,16 Jobs
Planet Spark,3.9,(2.3k),EdTech | Gurgaon / Gurugram +61 other locations,3.3k Salaries,567 Interviews,64 Jobs
Biocon Limited,4.0,(2.3k),Biotechnology | Bangalore / Bengaluru +66 other locations,11.7k Salaries,176 Interviews,22 Jobs
Mahindra Holidays & Resorts,3.5,(2.3k),Hospitality | Mumbai +112 other locations,5.7k Salaries,121 Interviews,59 Jobs
Laurus Labs,4.3,(2.3k),Pharma | Visakhapatnam +32 other locations,7k Salaries,146 Interviews,9 Jobs
Mahindra Rural Housing Finance,4.0,(2.3k),NBFC | Mumbai +456 other locations,4.8k Salaries,101 Interviews,9 Jobs
Taj Hotels Resorts and Palaces,4.2,(2.3k),Hospitality | Mumbai +108 other locations,4.7k Salaries,149 Interviews,2 Jobs
Datamatics Global Services,3.3,(2.3k),IT Services & Consulting | Mumbai +36 other locations,11.6k Salaries,178 Interviews,99 Jobs
Intellect Design Arena,3.6,(2.3k),Software Product | Chennai +40 other locations,13.4k Salaries,180 Interviews,48 Jobs
Emcure Pharmaceuticals,3.7,(2.3k),Pharma | Pune +113 other locations,8.2k Salaries,120 Interviews,51 Jobs
Canara HSBC Life Insurance,3.6,(2.3k),Insurance | Gurgaon / Gurugram +306 other locations,6.6k Salaries,129 Interviews,15 Jobs
Capgemini Engineering,3.4,(2.3k),IT Services & Consulting | Bangalore / Bengaluru +27 other locations,14.9k Salaries,393 Interviews,2 Jobs
KocharTech,3.7,(2.3k),IT Services & Consulting | Kolkata +26 other locations,3.7k Salaries,79 Interviews,51 Jobs
Physicswallah,3.6,(2.3k),EdTech | Noida +115 other locations,7.4k Salaries,252 Interviews,76 Jobs
3i Infotech,3.4,(2.3k),IT Services & Consulting | Mumbai +126 other locations,10.6k Salaries,159 Interviews,27 Jobs
Cholamandalam MS General Insurance,3.7,(2.3k),Insurance | Chennai +381 other locations,5.8k Salaries,114 Interviews,-- Jobs
Photon Interactive,4.1,(2.3k),IT Services & Consulting | Chennai +17 other locations,7.1k Salaries,128 Interviews,1.3k Jobs
Hero FinCorp,3.9,(2.3k),NBFC | New Delhi +387 other locations,5.4k Salaries,109 Interviews,32 Jobs
Info Edge,4.0,(2.3k),Internet | Noida +69 other locations,10.9k Salaries,371 Interviews,367 Jobs
Aditya Birla Capital,3.8,(2.3k),Financial Services | Mumbai +282 other locations,9.3k Salaries,192 Interviews,1 Jobs
Syngene International,3.9,(2.3k),Clinical Research | Bangalore / Bengaluru +21 other locations,12.4k Salaries,184 Interviews,-- Jobs
Cybage,3.7,(2.3k),IT Services & Consulting | Pune +15 other locations,17.3k Salaries,212 Interviews,41 Jobs
Aditya Birla Group,4.1,(2.3k),Metals & Mining | Mumbai +257 other locations,9.8k Salaries,228 Interviews,1 Jobs
Cadila Pharmaceuticals,3.3,(2.3k),Pharma | Ahmedabad +133 other locations,7.7k Salaries,150 Interviews,112 Jobs
Delhi Public School,3.8,(2.3k),Education & Training | New Delhi +270 other locations,5.1k Salaries,149 Interviews,203 Jobs
Akums Drugs & Pharmaceuticals Limited,4.2,(2.3k),Pharma | Haridwar +36 other locations,6.1k Salaries,323 Interviews,13 Jobs
Lifestyle,4.3,(2.3k),Retail | Bangalore / Bengaluru +129 other locations,6.8k Salaries,79 Interviews,16 Jobs
Foxconn,3.8,(2.3k),Electronics Manufacturing | Chennai +55 other locations,9.7k Salaries,208 Interviews,13 Jobs
Adani Group,3.8,(2.3k),Power | Ahmedabad +182 other locations,10.4k Salaries,268 Interviews,130 Jobs
Bureau Veritas,3.8,(2.3k),Analytics & KPO | Mumbai +138 other locations,8k Salaries,138 Interviews,7 Jobs
Eureka Forbes,3.6,(2.2k),Consumer Electronics & Appliances | Mumbai +182 other locations,5.3k Salaries,86 Interviews,8 Jobs
Sopra Steria,3.9,(2.2k),IT Services & Consulting | Noida +20 other locations,13.7k Salaries,179 Interviews,161 Jobs
Xoriant,4.1,(2.2k),IT Services & Consulting | Pune +23 other locations,11.4k Salaries,226 Interviews,47 Jobs
Straive,3.3,(2.2k),IT Services & Consulting | Chennai +30 other locations,9.8k Salaries,218 Interviews,79 Jobs
Aavas Financiers,3.9,(2.2k),Financial Services | Jaipur +288 other locations,5.4k Salaries,112 Interviews,54 Jobs
Kia India,3.9,(2.2k),Automobile | Anantapur +181 other locations,8k Salaries,170 Interviews,95 Jobs
Unacademy,2.9,(2.2k),EdTech | Bangalore / Bengaluru +71 other locations,10.1k Salaries,230 Interviews,37 Jobs
Sobha,3.7,(2.2k),Real Estate | Bangalore / Bengaluru +38 other locations,8.2k Salaries,160 Interviews,57 Jobs
Radisson Hotels,4.0,(2.2k),Hospitality | New Delhi +122 other locations,5.1k Salaries,95 Interviews,253 Jobs
RMSI,3.6,(2.2k),IT Services & Consulting | Hyderabad / Secunderabad +23 other locations,8.3k Salaries,183 Interviews,18 Jobs
GVK Emergency Management and Research Institute,3.6,(2.2k),Non-Profit | Lucknow +208 other locations,4.4k Salaries,104 Interviews,26 Jobs
Myntra,3.9,(2.2k),Internet | Bangalore / Bengaluru +103 other locations,10.2k Salaries,237 Interviews,75 Jobs
Lava International,3.9,(2.2k),Consumer Electronics & Appliances | Noida +222 other locations,4.2k Salaries,80 Interviews,4 Jobs
Team Computers,3.7,(2.1k),IT Services & Consulting | New Delhi +100 other locations,8.3k Salaries,195 Interviews,142 Jobs
Endurance Technologies,3.9,(2.1k),Auto Components | Aurangabad +47 other locations,7.7k Salaries,129 Interviews,14 Jobs
TaskUs,3.1,(2.1k),BPO | Indore +34 other locations,8.7k Salaries,211 Interviews,87 Jobs
TCE,3.8,(2.1k),Engineering & Construction | Mumbai +131 other locations,9k Salaries,285 Interviews,49 Jobs
SBI Securities,3.7,(2.1k),Financial Services | Mumbai +311 other locations,6.7k Salaries,174 Interviews,42 Jobs
Renault Nissan Technology & Business Centre India,3.8,(2.1k),Automobile | Chennai +18 other locations,14.4k Salaries,149 Interviews,47 Jobs
Panasonic Life Solutions India,3.9,(2.1k),Consumer Electronics & Appliances | Haridwar +166 other locations,6.4k Salaries,91 Interviews,17 Jobs
Nokia Networks,4.1,(2.1k),Hardware & Networking | Chennai +87 other locations,10.5k Salaries,124 Interviews,-- Jobs
GlaxoSmithKline Pharmaceuticals,4.0,(2.1k),Pharma | Bangalore / Bengaluru +212 other locations,5.5k Salaries,123 Interviews,38 Jobs
Apollo Pharmacy,3.7,(2.1k),Pharma | Hyderabad / Secunderabad +271 other locations,6.5k Salaries,168 Interviews,1.1k Jobs
Whirlpool,3.9,(2.1k),Consumer Electronics & Appliances | Pune +170 other locations,7.9k Salaries,114 Interviews,16 Jobs
Huawei Technologies,4.0,(2.1k),Telecom | Bangalore / Bengaluru +105 other locations,8.2k Salaries,117 Interviews,-- Jobs
Star Union Dai-ichi Life Insurance,3.9,(2.1k),Insurance | Mumbai +309 other locations,5.3k Salaries,127 Interviews,30 Jobs
Cisco,4.1,(2.1k),Hardware & Networking | Bangalore / Bengaluru +45 other locations,18.5k Salaries,401 Interviews,98 Jobs
Bharti AXA Life Insurance,3.6,(2.1k),Insurance | Mumbai +240 other locations,5k Salaries,140 Interviews,238 Jobs
Adani Wilmar,4.1,(2.1k),FMCG | Ahmedabad +197 other locations,6.6k Salaries,127 Interviews,103 Jobs
Indian Railways,4.2,(2.1k),Railways | Kolkata +242 other locations,3.4k Salaries,111 Interviews,-- Jobs
Lodha Group,4.1,(2.1k),Real Estate | Mumbai +28 other locations,8.4k Salaries,158 Interviews,133 Jobs
SBI General Insurance,3.6,(2.1k),Insurance | Mumbai +281 other locations,6.3k Salaries,123 Interviews,25 Jobs
CorroHealth infotech,3.6,(2.1k),Analytics & KPO | Hyderabad / Secunderabad +32 other locations,7k Salaries,223 Interviews,127 Jobs
Shahi Exports,3.9,(2.1k),Fashion & Textile | Bangalore / Bengaluru +69 other locations,6.6k Salaries,123 Interviews,42 Jobs
Coromandel International,4.1,(2.1k),Agro Chemicals | Visakhapatnam +177 other locations,7.4k Salaries,120 Interviews,22 Jobs
Sify Technologies,3.7,(2.1k),IT Services & Consulting | Chennai +130 other locations,9.6k Salaries,144 Interviews,23 Jobs
Bank of Baroda,3.5,(2.1k),Banking | Mumbai +294 other locations,6.7k Salaries,109 Interviews,-- Jobs
Simplex Infrastructures,3.4,(2.1k),Engineering & Construction | Kolkata +138 other locations,4.6k Salaries,78 Interviews,-- Jobs
Daikin Airconditioning India Pvt. Ltd.,4.1,(2.1k),Consumer Electronics & Appliances | Neemrana +106 other locations,7.4k Salaries,197 Interviews,16 Jobs
ValueLabs,3.6,(2.1k),IT Services & Consulting | Hyderabad / Secunderabad +19 other locations,15.6k Salaries,204 Interviews,81 Jobs
Ola Cabs,3.3,(2.1k),Internet | Bangalore / Bengaluru +108 other locations,9.3k Salaries,153 Interviews,17 Jobs
Meesho,3.7,(2.1k),Internet | Bangalore / Bengaluru +130 other locations,8.9k Salaries,409 Interviews,153 Jobs
Allstate,3.7,(2.1k),Insurance | Pune +16 other locations,11.9k Salaries,152 Interviews,35 Jobs
Ambuja Cements,3.8,(2.1k),Building Material | Mumbai +250 other locations,6k Salaries,151 Interviews,-- Jobs
Life Insurance Corporation of India,4.4,(2.1k),Insurance | New Delhi +467 other locations,4.5k Salaries,93 Interviews,2 Jobs
Microsoft Corporation,3.7,(2.1k),Software Product | Bangalore / Bengaluru +46 other locations,27.6k Salaries,600 Interviews,-- Jobs
BHEL,4.2,(2.1k),Electrical Equipment | Bangalore / Bengaluru +127 other locations,5.1k Salaries,129 Interviews,-- Jobs
BNP Paribas,3.7,(2.1k),Financial Services | Mumbai +27 other locations,17.2k Salaries,204 Interviews,400 Jobs
Cargill,4.0,(2k),Food Processing | Bangalore / Bengaluru +119 other locations,8.1k Salaries,108 Interviews,440 Jobs
Force Motors,3.6,(2k),Automobile | Pune +106 other locations,8k Salaries,142 Interviews,1 Jobs
Henry Harvin Education,3.6,(2k),EdTech | Noida +31 other locations,866 Salaries,52 Interviews,20 Jobs
CAMS,3.6,(2k),Financial Services | Chennai +108 other locations,8.4k Salaries,139 Interviews,24 Jobs
Pfizer,3.9,(2k),Pharma | Visakhapatnam +127 other locations,5.6k Salaries,80 Interviews,41 Jobs
upGrad,3.4,(2k),EdTech | Bangalore / Bengaluru +48 other locations,8.9k Salaries,213 Interviews,52 Jobs
Spark Minda,3.9,(2k),Auto Components | Pune +73 other locations,6.9k Salaries,150 Interviews,12 Jobs
Raymond Lifestyle Limited,4.1,(2k),Fashion & Textile | Mumbai +144 other locations,6.5k Salaries,108 Interviews,3 Jobs
Power Mech Projects,3.8,(2k),Engineering & Construction | Hyderabad / Secunderabad +148 other locations,6.3k Salaries,117 Interviews,-- Jobs
FirstCry,3.6,(2k),Internet | Pune +205 other locations,8.5k Salaries,204 Interviews,11 Jobs
Reliance Trends,4.1,(2k),Retail | Bangalore / Bengaluru +388 other locations,4.3k Salaries,121 Interviews,-- Jobs
Extramarks Education,3.4,(2k),EdTech | Noida +108 other locations,7.4k Salaries,170 Interviews,24 Jobs
Renault-Nissan,4.1,(2k),Chennai +86 other locations,7.6k Salaries,120 Interviews,-- Jobs
Bharat Petroleum,4.1,(2k),Oil & Gas | Mumbai +258 other locations,6.5k Salaries,171 Interviews,-- Jobs
Mercedes-Benz Research and Development India,3.7,(2k),IT Services & Consulting | Bangalore / Bengaluru +50 other locations,17.2k Salaries,205 Interviews,104 Jobs
Poonawalla Fincorp,3.5,(2k),NBFC | Pune +261 other locations,5.6k Salaries,75 Interviews,6 Jobs
State Street Syntel,3.7,(2k),Financial Services | Mumbai +21 other locations,7.5k Salaries,79 Interviews,-- Jobs
Ninjacart,3.8,(2k),Internet | Bangalore / Bengaluru +113 other locations,5.2k Salaries,101 Interviews,16 Jobs
Future Generali India Life Insurance,3.5,(2k),Insurance | Mumbai +193 other locations,6.7k Salaries,113 Interviews,10 Jobs
Brakes India,3.9,(2k),Auto Components | Chennai +95 other locations,6.9k Salaries,90 Interviews,7 Jobs
Nuvoco Vistas,4.1,(2k),Building Material | Kolkata +186 other locations,6.7k Salaries,120 Interviews,28 Jobs
GAO Tek,4.4,(2k),Electrical Equipment | New York +40 other locations,248 Salaries,456 Interviews,-- Jobs
ITC Hotels,4.1,(2k),Hospitality | Bangalore / Bengaluru +93 other locations,5.2k Salaries,99 Interviews,-- Jobs
Delphi TVS,3.9,(2k),Auto Components | Chennai +58 other locations,5.4k Salaries,97 Interviews,1 Jobs
Saint-Gobain,3.9,(2k),Building Material | Mumbai +98 other locations,11k Salaries,198 Interviews,76 Jobs
Kotak Securities,3.5,(2k),Financial Services | Mumbai +138 other locations,9.2k Salaries,138 Interviews,27 Jobs
Newgen Software Technologies,3.9,(2k),IT Services & Consulting | Noida +32 other locations,11.3k Salaries,199 Interviews,26 Jobs
CitiusTech,3.2,(2k),IT Services & Consulting | Mumbai +16 other locations,13.9k Salaries,308 Interviews,106 Jobs
Reliance General Insurance,3.6,(2k),Insurance | Mumbai +192 other locations,7k Salaries,96 Interviews,14 Jobs
Jio Platforms,3.4,(2k),IT Services & Consulting | Mumbai +100 other locations,13k Salaries,243 Interviews,-- Jobs
Senco Gold,4.4,(1.9k),Jewellery | Kolkata +77 other locations,1.4k Salaries,614 Interviews,8 Jobs
Biological E,4.2,(1.9k),Pharma | Hyderabad / Secunderabad +67 other locations,6.9k Salaries,134 Interviews,33 Jobs
JK Tyre,3.6,(1.9k),Auto Components | Chennai +140 other locations,6.7k Salaries,113 Interviews,-- Jobs
HSBC Electronic Data Processing,4.1,(1.9k),IT Services & Consulting | Bangalore / Bengaluru +19 other locations,8.7k Salaries,83 Interviews,-- Jobs
YASH Technologies,3.7,(1.9k),IT Services & Consulting | Hyderabad / Secunderabad +28 other locations,15.9k Salaries,166 Interviews,438 Jobs
Novartis,4.2,(1.9k),Pharma | Hyderabad / Secunderabad +76 other locations,9.7k Salaries,164 Interviews,285 Jobs
Morgan Stanley,3.6,(1.9k),Financial Services | Mumbai +18 other locations,25k Salaries,325 Interviews,4 Jobs
SGS,3.8,(1.9k),Other | Mumbai +142 other locations,6k Salaries,120 Interviews,92 Jobs
SAP,4.1,(1.9k),Software Product | Bangalore / Bengaluru +53 other locations,16.9k Salaries,307 Interviews,151 Jobs
Infinite Computer Solutions,3.3,(1.9k),IT Services & Consulting | Bangalore / Bengaluru +36 other locations,14.3k Salaries,168 Interviews,223 Jobs
EPAM Systems,3.7,(1.9k),IT Services & Consulting | Hyderabad / Secunderabad +34 other locations,20.3k Salaries,602 Interviews,57 Jobs
IDBI Bank,3.4,(1.9k),Banking | Mumbai +325 other locations,6k Salaries,75 Interviews,-- Jobs
L&T Energy Hydrocarbon,3.8,(1.9k),Engineering & Construction | Vadodara +87 other locations,8.1k Salaries,115 Interviews,-- Jobs
AECOM,4.2,(1.9k),Engineering & Construction | Gurgaon / Gurugram +120 other locations,6.8k Salaries,141 Interviews,105 Jobs
Tata Motors Finance,4.0,(1.9k),NBFC | Mumbai +255 other locations,4.2k Salaries,71 Interviews,-- Jobs
Paisabazaar.com,3.4,(1.9k),Internet | Gurgaon / Gurugram +36 other locations,6.9k Salaries,163 Interviews,38 Jobs
Narayana Health,3.9,(1.9k),Healthcare | Bangalore / Bengaluru +64 other locations,5.8k Salaries,87 Interviews,90 Jobs
Honeywell Automation,3.7,(1.9k),Industrial Automation | Pune +77 other locations,11.6k Salaries,129 Interviews,-- Jobs
Parle Products,3.9,(1.9k),FMCG | Mumbai +236 other locations,3.7k Salaries,111 Interviews,7 Jobs
Google,4.4,(1.9k),Software Product | Bangalore / Bengaluru +84 other locations,29.3k Salaries,972 Interviews,470 Jobs
Microland,3.5,(1.9k),IT Services & Consulting | Bangalore / Bengaluru +46 other locations,10.6k Salaries,142 Interviews,551 Jobs
R.R. Donnelley,3.7,(1.9k),Marketing & Advertising | Chennai +26 other locations,9.9k Salaries,126 Interviews,23 Jobs
Manipal Hospitals,4.0,(1.9k),Healthcare | Bangalore / Bengaluru +65 other locations,6.4k Salaries,125 Interviews,101 Jobs
Dr Lal PathLabs,4.2,(1.9k),Healthcare | New Delhi +201 other locations,4.4k Salaries,163 Interviews,71 Jobs
Philips,3.8,(1.9k),Medical Equipment | Bangalore / Bengaluru +93 other locations,10.6k Salaries,175 Interviews,120 Jobs
Uflex,3.8,(1.9k),Packaging | Noida +46 other locations,6.6k Salaries,125 Interviews,63 Jobs
Gabriel India Limited,4.1,(1.9k),Auto Components | Pune +51 other locations,5.6k Salaries,128 Interviews,-- Jobs
NCR Corporation,3.6,(1.9k),IT Services & Consulting | Hyderabad / Secunderabad +88 other locations,9.1k Salaries,142 Interviews,33 Jobs
Aditya Birla Health Insurance Co,3.7,(1.9k),Insurance | Mumbai +246 other locations,7.1k Salaries,117 Interviews,4 Jobs
Crisil,3.6,(1.9k),Analytics & KPO | Mumbai +79 other locations,12.9k Salaries,210 Interviews,582 Jobs
Motherson Automotive Technologies and Engineering,3.8,(1.9k),Auto Components | Chennai +66 other locations,7.2k Salaries,145 Interviews,25 Jobs
Lucas-TVS,3.9,(1.8k),Auto Components | Chennai +77 other locations,5.9k Salaries,89 Interviews,5 Jobs
Spinny,3.6,(1.8k),Internet | Gurgaon / Gurugram +64 other locations,7.1k Salaries,196 Interviews,29 Jobs
K12 Techno Services,3.6,(1.8k),EdTech | Bangalore / Bengaluru +40 other locations,5.1k Salaries,383 Interviews,220 Jobs
Globiva,3.0,(1.8k),BPO | Gurgaon / Gurugram +28 other locations,5k Salaries,129 Interviews,111 Jobs
Adecco Group,3.8,(1.8k),Recruitment | Bangalore / Bengaluru +174 other locations,6.9k Salaries,113 Interviews,-- Jobs
Shadowfax Technologies,3.5,(1.8k),Logistics | Bangalore / Bengaluru +233 other locations,7k Salaries,155 Interviews,47 Jobs
Haier Appliances India,3.9,(1.8k),Consumer Electronics & Appliances | Pune +149 other locations,6.8k Salaries,159 Interviews,16 Jobs
G R Infraprojects,4.1,(1.8k),Engineering & Construction | Gurgaon / Gurugram +155 other locations,5.3k Salaries,157 Interviews,34 Jobs
Angel One,3.7,(1.8k),FinTech | Mumbai +132 other locations,7.3k Salaries,158 Interviews,38 Jobs
Safexpress,3.9,(1.8k),Logistics | New Delhi +154 other locations,5.7k Salaries,121 Interviews,4 Jobs
CMS Infosystems,3.5,(1.8k),Software Product | Mumbai +208 other locations,4.6k Salaries,72 Interviews,14 Jobs
V-Guard Industries,4.3,(1.8k),Consumer Electronics & Appliances | Kochi +163 other locations,4.4k Salaries,105 Interviews,26 Jobs
DHL Supply Chain,4.2,(1.8k),Logistics | Mumbai +100 other locations,6k Salaries,106 Interviews,4 Jobs
CNH (Case New Holland),3.7,(1.8k),Industrial Machinery | Gurgaon / Gurugram +136 other locations,5.8k Salaries,126 Interviews,26 Jobs
Iris Software,3.8,(1.8k),IT Services & Consulting | Noida +25 other locations,7.4k Salaries,203 Interviews,536 Jobs
NTPC,4.2,(1.8k),Power | New Delhi +122 other locations,4.2k Salaries,174 Interviews,-- Jobs
Thomson Reuters,3.9,(1.8k),Software Product | Bangalore / Bengaluru +26 other locations,10.3k Salaries,131 Interviews,46 Jobs
Trent,3.9,(1.8k),Retail | Mumbai +141 other locations,4.6k Salaries,101 Interviews,32 Jobs
HTC Global Services,3.4,(1.8k),IT Services & Consulting | Chennai +32 other locations,12.7k Salaries,159 Interviews,61 Jobs
Hindustan Aeronautics,4.3,(1.8k),Defence & Aerospace | Bangalore / Bengaluru +64 other locations,4.3k Salaries,82 Interviews,2 Jobs
KENT RO Systems,3.8,(1.8k),Consumer Electronics & Appliances | Noida +149 other locations,4.5k Salaries,96 Interviews,6 Jobs
Tata Power,3.9,(1.8k),Power | Mumbai +150 other locations,6.9k Salaries,205 Interviews,21 Jobs
Aragen Life Sciences,3.9,(1.8k),Clinical Research | Hyderabad / Secunderabad +31 other locations,6.3k Salaries,119 Interviews,122 Jobs
Honda Cars,4.3,(1.8k),Automobile | Bhiwadi +117 other locations,6.2k Salaries,108 Interviews,3 Jobs
TVS Sundram Fasteners,3.6,(1.8k),Auto Components | Chennai +62 other locations,6.6k Salaries,88 Interviews,-- Jobs
Aadhar Housing Finance,4.0,(1.8k),Financial Services | Mumbai +319 other locations,4.8k Salaries,115 Interviews,1 Jobs
Infinx,3.8,(1.8k),Software Product | Hyderabad / Secunderabad +36 other locations,5.1k Salaries,206 Interviews,30 Jobs
Torrent Power,3.8,(1.8k),Power | Ahmedabad +59 other locations,7.4k Salaries,158 Interviews,52 Jobs
Trident Group,3.3,(1.8k),Fashion & Textile | Barnala +59 other locations,5.2k Salaries,132 Interviews,2 Jobs
PI Industries,3.9,(1.8k),Agro Chemicals | Vadodara +102 other locations,6.7k Salaries,127 Interviews,8 Jobs
AXA Business Services,3.9,(1.8k),Insurance | Pune +11 other locations,7.2k Salaries,102 Interviews,13 Jobs
Sterling & Wilson,4.0,(1.8k),Engineering & Construction | Mumbai +125 other locations,6.8k Salaries,81 Interviews,35 Jobs
NeoSOFT,3.5,(1.8k),IT Services & Consulting | Mumbai +24 other locations,10.5k Salaries,292 Interviews,45 Jobs
ICICI Home Finance,3.7,(1.8k),Financial Services | Mumbai +212 other locations,5.3k Salaries,95 Interviews,9 Jobs
Stellar Migration,1.3,(1.8k),Dubai +7 other locations,-- Salaries,2 Interviews,-- Jobs
Medi Assist India,3.4,(1.8k),Insurance | Bangalore / Bengaluru +65 other locations,7.1k Salaries,135 Interviews,108 Jobs
Aye Finance,4.1,(1.8k),NBFC | Gurgaon / Gurugram +348 other locations,3.2k Salaries,83 Interviews,36 Jobs
Jindal Saw,4.0,(1.8k),Iron & Steel | Mundra +76 other locations,6.4k Salaries,134 Interviews,12 Jobs
Fusion CX,3.4,(1.8k),BPO | Kolkata +54 other locations,4.3k Salaries,132 Interviews,75 Jobs
Polycab Wires,3.9,(1.8k),Electrical Equipment | Vadodara +165 other locations,6.6k Salaries,121 Interviews,22 Jobs
Dhani Loans and Services,3.9,(1.8k),NBFC | Gurgaon / Gurugram +188 other locations,4.4k Salaries,70 Interviews,12 Jobs
Future Retail,4.4,(1.7k),Retail | Mumbai +198 other locations,4k Salaries,57 Interviews,-- Jobs
Cafe Coffee Day,3.7,(1.7k),Hospitality | Bangalore / Bengaluru +101 other locations,3.8k Salaries,77 Interviews,14 Jobs
Innovsource Services,3.9,(1.7k),Recruitment | Mumbai +240 other locations,4.6k Salaries,72 Interviews,2 Jobs
SS&C TECHNOLOGIES,3.3,(1.7k),IT Services & Consulting | Mumbai +31 other locations,13.3k Salaries,194 Interviews,86 Jobs
MetLife,4.1,(1.7k),Insurance | Noida +43 other locations,8.9k Salaries,99 Interviews,81 Jobs
Kalyan Jewellers,4.4,(1.7k),Jewellery | Thrissur +151 other locations,1.5k Salaries,74 Interviews,26 Jobs
TELUS Digital,3.6,(1.7k),IT Services & Consulting | Noida +26 other locations,9.3k Salaries,127 Interviews,67 Jobs
Vedantu,3.3,(1.7k),EdTech | Bangalore / Bengaluru +72 other locations,8.7k Salaries,196 Interviews,28 Jobs
Capri Global Capital,3.6,(1.7k),NBFC | New Delhi +318 other locations,3.9k Salaries,73 Interviews,56 Jobs
Tata Communications Transformation Services,3.9,(1.7k),Telecom | Pune +94 other locations,8.3k Salaries,97 Interviews,-- Jobs
CSB Bank,3.1,(1.7k),Banking | Mumbai +222 other locations,6.6k Salaries,98 Interviews,8 Jobs
USHA International,4.1,(1.7k),Consumer Electronics & Appliances | Gurgaon / Gurugram +144 other locations,4.7k Salaries,108 Interviews,10 Jobs
DIVI'S Laboratories,3.6,(1.7k),Pharma | Visakhapatnam +36 other locations,6.6k Salaries,97 Interviews,-- Jobs
BT Business,3.9,(1.7k),Telecom | Gurgaon / Gurugram +12 other locations,9k Salaries,89 Interviews,-- Jobs
USV,4.0,(1.7k),Pharma | Mumbai +105 other locations,5.6k Salaries,86 Interviews,34 Jobs
Reckitt Benckiser,3.9,(1.7k),FMCG | Gurgaon / Gurugram +133 other locations,6.1k Salaries,100 Interviews,50 Jobs
Hindustan Petroleum,4.2,(1.7k),Oil & Gas | Mumbai +248 other locations,5.8k Salaries,113 Interviews,-- Jobs
NEC,4.1,(1.7k),IT Services & Consulting | Noida +56 other locations,5.5k Salaries,75 Interviews,10 Jobs
Haldiram Foods International Limited,3.7,(1.7k),FMCG | Nagpur +156 other locations,5.7k Salaries,146 Interviews,-- Jobs
Indian Navy,4.6,(1.7k),Defence & Aerospace | Mumbai +74 other locations,3.4k Salaries,34 Interviews,-- Jobs
First American Corporation,3.5,(1.7k),Insurance | Bangalore / Bengaluru +22 other locations,8.7k Salaries,86 Interviews,46 Jobs
Security and Intelligence Services (India),4.1,(1.7k),Law Enforcement & Security | New Delhi +192 other locations,4.2k Salaries,76 Interviews,36 Jobs
HDFC Securities,3.4,(1.7k),Financial Services | Mumbai +183 other locations,5.9k Salaries,117 Interviews,54 Jobs
American Broadcasting Company,4.0,(1.7k),Bangalore / Bengaluru +106 other locations,31.3k Salaries,579 Interviews,16 Jobs
Godrej Properties,3.6,(1.7k),Real Estate | Mumbai +33 other locations,8.3k Salaries,117 Interviews,5 Jobs
Metro Cash & Carry,4.0,(1.7k),Retail | Bangalore / Bengaluru +88 other locations,4.7k Salaries,72 Interviews,-- Jobs
Bata,3.5,(1.6k),Fashion & Textile | Gurgaon / Gurugram +144 other locations,4k Salaries,81 Interviews,16 Jobs
Isgec Heavy Engineering,3.8,(1.7k),Industrial Machinery | Noida +86 other locations,6.7k Salaries,137 Interviews,53 Jobs
Exela Technologies,3.3,(1.6k),IT Services & Consulting | Chennai +26 other locations,7.7k Salaries,98 Interviews,14 Jobs
Pine Labs,3.3,(1.6k),FinTech | Noida +115 other locations,7.1k Salaries,129 Interviews,33 Jobs
Mother Dairy Fruit & Vegetable,4.0,(1.6k),Food Processing | New Delhi +126 other locations,5k Salaries,95 Interviews,-- Jobs
AkzoNobel,3.9,(1.6k),Chemicals | Pune +157 other locations,4.2k Salaries,113 Interviews,27 Jobs
Cavinkare,4.0,(1.6k),FMCG | Chennai +170 other locations,4.8k Salaries,68 Interviews,12 Jobs
FactSet,3.8,(1.6k),Financial Services | Hyderabad / Secunderabad +17 other locations,10.2k Salaries,224 Interviews,61 Jobs
Air India,3.4,(1.6k),Aviation | New Delhi +63 other locations,7.3k Salaries,191 Interviews,56 Jobs
Frankfinn Institute of Air Hostess Training,3.9,(1.6k),Education & Training | Gurgaon / Gurugram +61 other locations,3.2k Salaries,118 Interviews,123 Jobs
Sysnet Global Technologies,3.8,(1.6k),IT Services & Consulting | New Delhi +150 other locations,4.1k Salaries,138 Interviews,-- Jobs
JSW Bhushan Power & Steel,4.0,(1.6k),Jharsuguda +63 other locations,4.9k Salaries,71 Interviews,-- Jobs
Verizon,3.8,(1.6k),Telecom | Hyderabad / Secunderabad +10 other locations,11k Salaries,123 Interviews,-- Jobs
Matrimony.com,4.0,(1.6k),Internet | Chennai +64 other locations,4.3k Salaries,99 Interviews,55 Jobs
Medanta the Medicity,4.0,(1.6k),Healthcare | Gurgaon / Gurugram +47 other locations,4.9k Salaries,122 Interviews,144 Jobs
Orange Business,4.2,(1.6k),IT Services & Consulting | Gurgaon / Gurugram +51 other locations,8.8k Salaries,109 Interviews,9 Jobs
Yamaha Motor,4.1,(1.6k),Automobile | Chennai +149 other locations,5.2k Salaries,84 Interviews,14 Jobs
HighRadius,2.6,(1.6k),Software Product | Hyderabad / Secunderabad +16 other locations,8.5k Salaries,207 Interviews,43 Jobs
BA Continuum,4.0,(1.6k),NBFC | Hyderabad / Secunderabad +18 other locations,10.1k Salaries,110 Interviews,-- Jobs
Adani Green Energy,3.9,(1.6k),Power | Ahmedabad +112 other locations,5.6k Salaries,148 Interviews,-- Jobs
DHL Express,4.1,(1.6k),Logistics | Mumbai +92 other locations,6k Salaries,76 Interviews,-- Jobs
Tata Play,4.0,(1.6k),Broadcasting | Mumbai +219 other locations,4.6k Salaries,85 Interviews,6 Jobs
Provana,3.9,(1.6k),BPO | Noida +11 other locations,3.8k Salaries,169 Interviews,51 Jobs
Cushman & Wakefield,4.2,(1.6k),Real Estate | Gurgaon / Gurugram +44 other locations,6.2k Salaries,103 Interviews,213 Jobs
LivSpace,3.4,(1.6k),Architecture & Interior Design | Bangalore / Bengaluru +51 other locations,7.8k Salaries,161 Interviews,149 Jobs
Caterpillar Inc,4.2,(1.6k),Industrial Machinery | Chennai +44 other locations,10.1k Salaries,195 Interviews,199 Jobs
Johnson & Johnson,4.0,(1.6k),Healthcare | Mumbai +167 other locations,5.7k Salaries,113 Interviews,15 Jobs
MagicBricks,4.1,(1.6k),Internet | Noida +33 other locations,4.3k Salaries,343 Interviews,28 Jobs
KONE,4.1,(1.6k),Software Product | Chennai +71 other locations,5.5k Salaries,128 Interviews,64 Jobs
Annapurna Finance,3.9,(1.6k),NBFC | Bhubaneswar +378 other locations,3.7k Salaries,81 Interviews,11 Jobs
Granules India Limited,3.8,(1.6k),Pharma | Hyderabad / Secunderabad +21 other locations,6.1k Salaries,82 Interviews,3 Jobs
TTEC India,3.7,(1.6k),BPO | Ahmedabad +34 other locations,5.1k Salaries,170 Interviews,22 Jobs
L.G.Balakrishnan & Bros,3.5,(1.6k),Auto Components | Coimbatore +59 other locations,5.6k Salaries,79 Interviews,-- Jobs
Arvind Group,4.0,(1.6k),Fashion & Textile | Ahmedabad +92 other locations,5.2k Salaries,77 Interviews,-- Jobs
Procter & Gamble,4.0,(1.6k),FMCG | Mumbai +247 other locations,5.6k Salaries,129 Interviews,-- Jobs
NTT DATA Business Solutions,3.9,(1.6k),IT Services & Consulting | Bangalore / Bengaluru +32 other locations,11.9k Salaries,140 Interviews,40 Jobs
Hitachi Astemo,4.0,(1.6k),Auto Components | Neemrana +50 other locations,6k Salaries,129 Interviews,-- Jobs
Wipro Enterprises Ltd,3.8,(1.6k),FMCG | Bangalore / Bengaluru +120 other locations,7.7k Salaries,197 Interviews,119 Jobs
Vardhman Fabrics,4.0,(1.6k),Fashion & Textile | Baddi +61 other locations,5.2k Salaries,76 Interviews,11 Jobs
HERE Technologies,3.8,(1.6k),IT Services & Consulting | Mumbai +19 other locations,7.8k Salaries,109 Interviews,25 Jobs
Chegg,4.1,(1.6k),EdTech | New Delhi +77 other locations,3.9k Salaries,166 Interviews,8 Jobs
CMA CGM,3.9,(1.6k),Ports & Shipping | Chennai +34 other locations,8k Salaries,100 Interviews,19 Jobs
CG Power and Industrial Solutions,3.9,(1.6k),Electrical Equipment | Bhopal +91 other locations,6.3k Salaries,99 Interviews,6 Jobs
Honda,4.1,(1.6k),Automobile | Gurgaon / Gurugram +227 other locations,4k Salaries,111 Interviews,4 Jobs
Hero Motors Company,4.0,(1.6k),Automobile | Ghaziabad +226 other locations,5.9k Salaries,94 Interviews,-- Jobs
Belrise Industries,3.7,(1.6k),Auto Components | Pune +54 other locations,6.1k Salaries,104 Interviews,11 Jobs
Tata Teleservices,3.8,(1.5k),Telecom | Mumbai +135 other locations,3.2k Salaries,32 Interviews,33 Jobs
IIFL SAMASTA,3.7,(1.5k),NBFC | Bangalore / Bengaluru +389 other locations,3k Salaries,80 Interviews,2 Jobs
Emami,3.8,(1.5k),FMCG | Kolkata +170 other locations,5.1k Salaries,102 Interviews,6 Jobs
Wockhardt,3.8,(1.5k),Pharma | Aurangabad +80 other locations,4k Salaries,61 Interviews,5 Jobs
Compass Group Support Services,4.0,(1.5k),Facility Management Services | Bangalore / Bengaluru +73 other locations,5.2k Salaries,78 Interviews,42 Jobs
Tekwissen,4.9,(1.5k),IT Services & Consulting | Visakhapatnam +5 other locations,562 Salaries,226 Interviews,50 Jobs
Krishna Maruti,3.8,(1.5k),Auto Components | Gurgaon / Gurugram +49 other locations,5k Salaries,123 Interviews,7 Jobs
Marico,3.8,(1.5k),FMCG | Mumbai +175 other locations,5.4k Salaries,99 Interviews,24 Jobs
Digit Insurance,3.6,(1.5k),Insurance | Bangalore / Bengaluru +83 other locations,5.4k Salaries,196 Interviews,107 Jobs
Clover Infotech,3.4,(1.5k),IT Services & Consulting | Mumbai +22 other locations,11.4k Salaries,129 Interviews,104 Jobs
Patanjali Foods,3.7,(1.5k),FMCG | Indore +227 other locations,4.2k Salaries,91 Interviews,-- Jobs
Welspun Living Limited,3.9,(1.5k),Fashion & Textile | Anjar +82 other locations,4.9k Salaries,84 Interviews,-- Jobs
Rungta Mines,4.0,(1.5k),Metals & Mining | Chaibasa +52 other locations,5.1k Salaries,159 Interviews,-- Jobs
ReNew,4.3,(1.5k),Power | Gurgaon / Gurugram +105 other locations,5.8k Salaries,121 Interviews,26 Jobs
Infra.Market,3.9,(1.5k),Building Material | Mumbai +114 other locations,3.5k Salaries,167 Interviews,-- Jobs
Mercer,3.6,(1.5k),Management Consulting | New Delhi +17 other locations,9.7k Salaries,94 Interviews,110 Jobs
KFC,4.0,(1.5k),Hospitality | New Delhi +172 other locations,2.9k Salaries,79 Interviews,-- Jobs
Godrej Industries Group,3.9,(1.5k),Real Estate | Mumbai +148 other locations,2.9k Salaries,142 Interviews,5 Jobs
HCL Infosystems,3.9,(1.5k),IT Services & Consulting | Noida +105 other locations,7.3k Salaries,145 Interviews,6 Jobs
Satin Creditcare Network,3.9,(1.5k),NBFC | Gurgaon / Gurugram +314 other locations,3.1k Salaries,63 Interviews,3 Jobs
ZF Commercial Vehicle Control Systems,3.9,(1.5k),Auto Components | Chennai +49 other locations,3.7k Salaries,73 Interviews,-- Jobs
iOPEX Technologies,3.2,(1.5k),IT Services & Consulting | Chennai +16 other locations,5.6k Salaries,82 Interviews,29 Jobs
Veritas Finance,4.4,(1.5k),NBFC | Chennai +295 other locations,2.1k Salaries,84 Interviews,-- Jobs
Toyota Kirloskar Motor,4.3,(1.5k),Automobile | Bangalore / Bengaluru +88 other locations,4.3k Salaries,72 Interviews,-- Jobs
Acmegrade,3.9,(1.5k),EdTech | Bangalore / Bengaluru +20 other locations,248 Salaries,65 Interviews,-- Jobs
Goldman Sachs,3.4,(1.5k),Financial Services | Bangalore / Bengaluru +23 other locations,18.9k Salaries,404 Interviews,169 Jobs
Tata 1mg,3.6,(1.5k),Internet | Gurgaon / Gurugram +62 other locations,6.5k Salaries,206 Interviews,56 Jobs
Relaxo Footwear,4.0,(1.5k),Fashion & Textile | New Delhi +153 other locations,4.5k Salaries,103 Interviews,48 Jobs
Marriott International,4.1,(1.5k),Hospitality | Bangalore / Bengaluru +91 other locations,4.6k Salaries,98 Interviews,1.1k Jobs
Supreme Industries,4.0,(1.5k),Petrochemicals | Gwalior +118 other locations,5.4k Salaries,88 Interviews,-- Jobs
Oracle Cerner,3.4,(1.5k),Software Product | Bangalore / Bengaluru +7 other locations,10.2k Salaries,168 Interviews,-- Jobs
ITD Cementation India,4.2,(1.5k),Engineering & Construction | Kolkata +88 other locations,4.3k Salaries,88 Interviews,-- Jobs
Teva Pharmaceuticals,3.9,(1.5k),Pharma | Bangalore / Bengaluru +52 other locations,5.5k Salaries,112 Interviews,9 Jobs
Asahi India Glass,3.8,(1.5k),Auto Components | Chennai +83 other locations,4.9k Salaries,106 Interviews,15 Jobs
Suguna Foods,4.0,(1.5k),Food Processing | Coimbatore +199 other locations,4k Salaries,89 Interviews,8 Jobs
IFB,3.6,(1.5k),Consumer Electronics & Appliances | Bangalore / Bengaluru +171 other locations,5.3k Salaries,117 Interviews,-- Jobs
Bajaj Capital,3.5,(1.5k),Financial Services | New Delhi +169 other locations,3.7k Salaries,129 Interviews,98 Jobs
Broadridge Financial Solutions,3.8,(1.5k),FinTech | Hyderabad / Secunderabad +14 other locations,10.5k Salaries,153 Interviews,56 Jobs
Dixon Technologies,4.0,(1.5k),Electronics Manufacturing | Noida +45 other locations,5.5k Salaries,133 Interviews,7 Jobs
Dainik Bhaskar Group,4.1,(1.5k),Printing & Publishing | Bhopal +135 other locations,4.3k Salaries,67 Interviews,52 Jobs
Tesco,3.6,(1.5k),Retail | Bangalore / Bengaluru +17 other locations,8.5k Salaries,145 Interviews,13 Jobs
Nayara Energy,4.2,(1.5k),Petrochemicals | Jamnagar +97 other locations,5.9k Salaries,94 Interviews,22 Jobs
Amul India,4.0,(1.5k),Food Processing | Mumbai +202 other locations,3.9k Salaries,150 Interviews,4 Jobs
IndiaFirst Life Insurance,3.8,(1.5k),Insurance | Mumbai +235 other locations,3.8k Salaries,76 Interviews,22 Jobs
NielsenIQ,3.6,(1.5k),IT Services & Consulting | Chennai +50 other locations,8.9k Salaries,216 Interviews,10 Jobs
Taurus BPO Services,4.2,(1.5k),BPO | Pune +23 other locations,897 Salaries,33 Interviews,-- Jobs
Shriram Life Insurance,3.5,(1.5k),Insurance | Hyderabad / Secunderabad +313 other locations,4.5k Salaries,105 Interviews,56 Jobs
Gujarat Fluorochemicals,3.8,(1.5k),Chemicals | Bharuch +32 other locations,6.4k Salaries,100 Interviews,20 Jobs
Max Fashion,4.1,(1.4k),Retail | Bangalore / Bengaluru +151 other locations,3.4k Salaries,72 Interviews,10 Jobs
Orchids International School,3.7,(1.4k),Education & Training | Bangalore / Bengaluru +35 other locations,3.6k Salaries,285 Interviews,19 Jobs
Lumax Industries,4.0,(1.4k),Auto Components | Gurgaon / Gurugram +41 other locations,5.6k Salaries,90 Interviews,7 Jobs
Evalueserve,3.1,(1.4k),Analytics & KPO | Gurgaon / Gurugram +15 other locations,10.3k Salaries,137 Interviews,82 Jobs
Suryoday Small Finance Bank,3.9,(1.4k),Banking | Mumbai +211 other locations,4.3k Salaries,88 Interviews,4 Jobs
Bisleri,4.2,(1.4k),Beverage | Mumbai +169 other locations,4.2k Salaries,109 Interviews,8 Jobs
BVG India,4.2,(1.4k),Facility Management Services | Pune +124 other locations,3.8k Salaries,113 Interviews,45 Jobs
Honeywell Technology Solutions,3.7,(1.4k),Industrial Automation | Bangalore / Bengaluru +18 other locations,11.3k Salaries,160 Interviews,-- Jobs
Sanofi,4.0,(1.4k),Pharma | Hyderabad / Secunderabad +89 other locations,5.1k Salaries,88 Interviews,36 Jobs
XL Dynamics,3.3,(1.4k),IT Services & Consulting | Mumbai +31 other locations,3.6k Salaries,94 Interviews,6 Jobs
Steel Strips Wheels,3.7,(1.4k),Auto Components | Chennai +49 other locations,5.3k Salaries,82 Interviews,13 Jobs
GMR Group,4.0,(1.4k),Engineering & Construction | New Delhi +68 other locations,4.4k Salaries,99 Interviews,41 Jobs
Oberoi Group of Hotels,4.1,(1.4k),Hospitality | New Delhi +37 other locations,3.8k Salaries,96 Interviews,-- Jobs
Ashoka Buildcon,4.1,(1.4k),Engineering & Construction | Nashik +152 other locations,4k Salaries,78 Interviews,5 Jobs
Kotak Mahindra Prime,3.9,(1.4k),NBFC | Mumbai +167 other locations,4.8k Salaries,65 Interviews,-- Jobs
Schindler,3.9,(1.4k),Industrial Machinery | Pune +70 other locations,5.1k Salaries,98 Interviews,22 Jobs
Urban Company,3.4,(1.4k),Internet | Gurgaon / Gurugram +59 other locations,6.2k Salaries,158 Interviews,33 Jobs
Gland Pharma,3.9,(1.4k),Pharma | Hyderabad / Secunderabad +34 other locations,5.9k Salaries,86 Interviews,3 Jobs
QualityKiosk Technologies,3.3,(1.4k),IT Services & Consulting | Mumbai +20 other locations,10.9k Salaries,159 Interviews,288 Jobs
Canara Bank,3.4,(1.4k),Banking | Bangalore / Bengaluru +209 other locations,3.9k Salaries,46 Interviews,-- Jobs
Tata Group,4.2,(1.4k),IT Services & Consulting | Mumbai +169 other locations,5.3k Salaries,378 Interviews,-- Jobs
Tanishq,4.2,(1.4k),Jewellery | Kolkata +231 other locations,3k Salaries,101 Interviews,1 Jobs
GE VERNOVA,4.2,(1.4k),Power | Bangalore / Bengaluru +81 other locations,5.1k Salaries,104 Interviews,229 Jobs
Hinduja Leyland Finance,4.0,(1.4k),NBFC | Chennai +285 other locations,2.7k Salaries,51 Interviews,9 Jobs
Aon,3.8,(1.4k),Management Consulting | Gurgaon / Gurugram +24 other locations,5.8k Salaries,82 Interviews,47 Jobs
NIIT,3.5,(1.4k),Education & Training | Gurgaon / Gurugram +102 other locations,5.9k Salaries,105 Interviews,49 Jobs
Karur Vysya Bank,3.5,(1.4k),Banking | Chennai +185 other locations,4.5k Salaries,100 Interviews,14 Jobs
Daimler India Commercial Vehicles,3.9,(1.4k),Automobile | Chennai +48 other locations,6.6k Salaries,69 Interviews,18 Jobs
Page Industries,4.2,(1.4k),Fashion & Textile | Bangalore / Bengaluru +161 other locations,4.7k Salaries,70 Interviews,4 Jobs
Wheelseye Technology,3.5,(1.4k),Internet | Gurgaon / Gurugram +222 other locations,3.7k Salaries,111 Interviews,17 Jobs
Hyatt Regency,4.1,(1.4k),Hospitality | New Delhi +49 other locations,3.1k Salaries,54 Interviews,13 Jobs
IDC Technologies,3.1,(1.4k),IT Services & Consulting | Noida +66 other locations,7k Salaries,76 Interviews,-- Jobs
ISS Facility Services,4.0,(1.4k),Facility Management Services | Mumbai +64 other locations,4.1k Salaries,67 Interviews,21 Jobs
SAI Life Sciences,3.9,(1.4k),Clinical Research | Hyderabad / Secunderabad +24 other locations,5.7k Salaries,99 Interviews,21 Jobs
Indoco Remedies,3.4,(1.4k),Pharma | Mumbai +84 other locations,5.6k Salaries,85 Interviews,2 Jobs
AB InBev India,3.3,(1.4k),Beverage | Bangalore / Bengaluru +77 other locations,7.7k Salaries,108 Interviews,73 Jobs
Valeo,3.9,(1.4k),Auto Components | Chennai +22 other locations,7.8k Salaries,102 Interviews,103 Jobs
Devyani International,3.8,(1.4k),Hospitality | New Delhi +129 other locations,3.3k Salaries,67 Interviews,15 Jobs
Sonata Software,3.4,(1.4k),IT Services & Consulting | Bangalore / Bengaluru +16 other locations,11k Salaries,131 Interviews,128 Jobs
Tata Consumer Products,3.5,(1.4k),FMCG | Bangalore / Bengaluru +216 other locations,5.5k Salaries,95 Interviews,7 Jobs
Piramal Pharma,4.0,(1.4k),Pharma | Mumbai +80 other locations,6.1k Salaries,114 Interviews,33 Jobs
Tata AutoComp Systems,3.8,(1.4k),Auto Components | Pune +43 other locations,6.4k Salaries,111 Interviews,19 Jobs
Bharat Forge,3.8,(1.4k),Auto Components | Pune +29 other locations,6.2k Salaries,74 Interviews,7 Jobs
Narayana Educational Society,3.6,(1.4k),Education & Training | Hyderabad / Secunderabad +143 other locations,4.1k Salaries,66 Interviews,23 Jobs
Apco Infratech,3.7,(1.4k),Engineering & Construction | Lucknow +90 other locations,4.1k Salaries,131 Interviews,35 Jobs
Sony,4.2,(1.4k),Consumer Electronics & Appliances | New Delhi +141 other locations,4.4k Salaries,80 Interviews,3 Jobs
Heritage Foods,4.1,(1.4k),Food Processing | Hyderabad / Secunderabad +123 other locations,3.6k Salaries,95 Interviews,39 Jobs
Health Care Global Enterprises,4.1,(1.4k),Healthcare | Bangalore / Bengaluru +51 other locations,2.7k Salaries,114 Interviews,36 Jobs
CIE Automotive India Limited (Formerly known as Mahindra CIE Automotive Limited),3.6,(1.4k),Auto Components | Pune +47 other locations,4.7k Salaries,88 Interviews,-- Jobs
TCS iON,3.9,(1.4k),IT Services & Consulting | Chennai +114 other locations,4k Salaries,395 Interviews,-- Jobs
Xiaomi,3.8,(1.4k),Consumer Electronics & Appliances | Bangalore / Bengaluru +208 other locations,5.5k Salaries,110 Interviews,29 Jobs
Acuity Knowledge Partners,3.2,(1.4k),Analytics & KPO | Bangalore / Bengaluru +16 other locations,11.1k Salaries,166 Interviews,68 Jobs
SHYAM METALICS AND ENERGY,3.4,(1.4k),Iron & Steel | Sambalpur +74 other locations,4.3k Salaries,143 Interviews,8 Jobs
The Muthoot Group,3.6,(1.4k),Financial Services | New Delhi +304 other locations,3.8k Salaries,83 Interviews,-- Jobs
Majesco,3.0,(427),IT Services & Consulting | Mumbai +8 other locations,3.3k Salaries,32 Interviews,13 Jobs
Infosys Consulting,3.4,(426),IT Services & Consulting | Bangalore / Bengaluru +28 other locations,3.8k Salaries,177 Interviews,-- Jobs
Paper Boat(Hector Beverages Pvt. Ltd.),4.0,(426),Beverage | Bangalore / Bengaluru +101 other locations,1.2k Salaries,22 Interviews,6 Jobs
Dodsal Engineering & Construction,4.5,(426),Engineering & Construction | Mumbai +37 other locations,685 Salaries,16 Interviews,-- Jobs
Kataria Automobiles,3.5,(427),Automobile | Ahmedabad +26 other locations,1.5k Salaries,19 Interviews,3 Jobs
ARMSOFTECH.AIR,3.3,(425),IT Services & Consulting | Chennai +16 other locations,1.4k Salaries,27 Interviews,-- Jobs
Allegis Group,3.6,(425),Recruitment | Bangalore / Bengaluru +13 other locations,2.7k Salaries,23 Interviews,-- Jobs
CodeClouds,4.2,(425),Software Product | Kolkata +6 other locations,1.1k Salaries,51 Interviews,-- Jobs
Spoton Logistics,4.4,(425),Logistics | Bangalore / Bengaluru +72 other locations,1.1k Salaries,18 Interviews,2 Jobs
Le Méridien,4.2,(425),Hospitality | New Delhi +27 other locations,1.1k Salaries,22 Interviews,-- Jobs
Fuji Electric,3.6,(425),Industrial Machinery | Chennai +37 other locations,1.8k Salaries,20 Interviews,10 Jobs
Yethi Consulting,3.3,(425),IT Services & Consulting | Bangalore / Bengaluru +11 other locations,3k Salaries,64 Interviews,7 Jobs
Toyota,4.1,(424),Automobile | Bangalore / Bengaluru +107 other locations,1.7k Salaries,46 Interviews,-- Jobs
Clove Dental,4.0,(424),Healthcare | New Delhi +17 other locations,1.2k Salaries,65 Interviews,75 Jobs
AIRBUS,3.6,(424),Defence & Aerospace | Bangalore / Bengaluru +11 other locations,4.2k Salaries,75 Interviews,1 Jobs
360 Realtors,3.6,(424),Real Estate | Pune +26 other locations,1.5k Salaries,36 Interviews,3 Jobs
Paynearby Technologies,4.0,(424),FinTech | Mumbai +118 other locations,1.5k Salaries,27 Interviews,-- Jobs
Kothari Agritech,4.3,(424),Building Material | Solapur +124 other locations,664 Salaries,46 Interviews,-- Jobs
Indian Immunologicals,4.2,(425),Biotechnology | Hyderabad / Secunderabad +30 other locations,1.6k Salaries,22 Interviews,-- Jobs
AIG Hospital,4.3,(423),Healthcare | Hyderabad / Secunderabad +6 other locations,1.5k Salaries,32 Interviews,3 Jobs
TotalEnergies,3.8,(423),Oil & Gas | Mumbai +63 other locations,1.6k Salaries,33 Interviews,8 Jobs
Espire Infolabs,2.5,(423),IT Services & Consulting | Gurgaon / Gurugram +8 other locations,2.5k Salaries,25 Interviews,19 Jobs
Transasia Bio-Medicals,3.4,(423),Biotechnology | Mumbai +54 other locations,1.7k Salaries,19 Interviews,16 Jobs
LT Foods,3.8,(423),FMCG | Gurgaon / Gurugram +62 other locations,1.5k Salaries,23 Interviews,-- Jobs
Gokaldas Exports,3.8,(423),Fashion & Textile | Bangalore / Bengaluru +23 other locations,1.6k Salaries,32 Interviews,15 Jobs
Speridian Technologies,3.4,(422),IT Services & Consulting | Bangalore / Bengaluru +20 other locations,3.1k Salaries,48 Interviews,14 Jobs
ABCI Infrastructures,3.4,(422),Engineering & Construction | Kolkata +55 other locations,5.5k Salaries,66 Interviews,3 Jobs
Brembo Brake India,4.0,(422),Auto Components | Pune +16 other locations,1.5k Salaries,18 Interviews,-- Jobs
Kaynes Technology,3.4,(422),Electronics Manufacturing | Mysuru / Mysore +17 other locations,1.5k Salaries,50 Interviews,-- Jobs
Mediamint,2.9,(422),Marketing & Advertising | Hyderabad / Secunderabad +8 other locations,2.7k Salaries,40 Interviews,4 Jobs
SoftwareOne,3.7,(421),Software Product | Gurgaon / Gurugram +18 other locations,3.5k Salaries,51 Interviews,10 Jobs
Eurofins It Solutions,3.1,(421),IT Services & Consulting | Bangalore / Bengaluru +6 other locations,3.4k Salaries,65 Interviews,1 Jobs
Ashapura Group Of Industries,4.1,(421),Metals & Mining | Bhuj +30 other locations,1.7k Salaries,29 Interviews,9 Jobs
Montecarlo Construction,4.2,(422),Engineering & Construction | Ahmedabad +79 other locations,1.3k Salaries,48 Interviews,-- Jobs
Aditya Birla Housing Finance,3.8,(421),Financial Services | Mumbai +90 other locations,1.6k Salaries,18 Interviews,-- Jobs
Synopsys,3.7,(422),Semiconductors | Bangalore / Bengaluru +10 other locations,3.4k Salaries,102 Interviews,-- Jobs
Flipkart Health+,3.5,(422),Internet | Kolkata +36 other locations,1.5k Salaries,27 Interviews,-- Jobs
Ind-Swift Laboratories,3.8,(421),Pharma | Chandigarh +25 other locations,1.6k Salaries,19 Interviews,-- Jobs
GTL Infrastructure,4.1,(421),Hardware & Networking | Mumbai +48 other locations,866 Salaries,12 Interviews,-- Jobs
Cimpress,3.8,(421),Printing & Publishing | Mumbai +9 other locations,2.7k Salaries,67 Interviews,7 Jobs
Caresoft Global,3.4,(421),Automobile | Coimbatore +13 other locations,3.2k Salaries,51 Interviews,4 Jobs
Bada Business,3.5,(422),Internet | New Delhi +54 other locations,1.6k Salaries,27 Interviews,537 Jobs
B.C. Jindal Group of Companies,3.9,(420),Iron & Steel | New Delhi +32 other locations,1k Salaries,29 Interviews,-- Jobs
Honeywell International India,3.9,(420),Defence & Aerospace | Pune +23 other locations,2.5k Salaries,37 Interviews,-- Jobs
Entrata,3.9,(420),Software Product | Pune +5 other locations,2.3k Salaries,41 Interviews,4 Jobs
Powerweave,3.3,(420),BPO | Mumbai +7 other locations,1.7k Salaries,28 Interviews,1 Jobs
Meyer Organics,3.6,(420),Pharma | Mumbai +69 other locations,1.4k Salaries,29 Interviews,14 Jobs
Dow Chemical International Private Limited,3.7,(420),Chemicals | Chennai +15 other locations,2.1k Salaries,38 Interviews,12 Jobs
NetApp,3.7,(420),IT Services & Consulting | Bangalore / Bengaluru +9 other locations,3.9k Salaries,72 Interviews,44 Jobs
Samsung C&T,4.2,(419),Engineering & Construction | Mumbai +27 other locations,1.3k Salaries,14 Interviews,1 Jobs
Al Turki Enterprises,3.6,(419),Oil & Gas | Muscat +16 other locations,961 Salaries,16 Interviews,-- Jobs
Vcare Trichology,3.6,(419),Healthcare | Chennai +60 other locations,1.8k Salaries,42 Interviews,25 Jobs
AQM Technologies,3.3,(419),IT Services & Consulting | Mumbai +13 other locations,3.2k Salaries,49 Interviews,13 Jobs
Mashreq Global Services,3.1,(419),Financial Services | Bangalore / Bengaluru +10 other locations,2.4k Salaries,28 Interviews,79 Jobs
Sunwoda Electronic India Pvt Ltd,3.9,(419),Electronics Manufacturing | Noida +7 other locations,1.9k Salaries,37 Interviews,1 Jobs
Medica Superspecialty Hospital,3.8,(418),Healthcare | Kolkata +18 other locations,1.5k Salaries,20 Interviews,-- Jobs
Bengal Beverages,3.0,(419),Beverage | Kolkata +13 other locations,1.3k Salaries,36 Interviews,3 Jobs
KLAY Preschool and Daycare,3.6,(418),Bangalore / Bengaluru +18 other locations,1.3k Salaries,44 Interviews,207 Jobs
Purplle.com,3.6,(418),Beauty & Personal Care | Mumbai +33 other locations,1.9k Salaries,32 Interviews,99 Jobs
ABC Consultants,3.9,(418),Recruitment | Bangalore / Bengaluru +28 other locations,24.4k Salaries,237 Interviews,-- Jobs
Bengal Beverages,3.0,(419),Beverage | Kolkata +13 other locations,1.3k Salaries,36 Interviews,3 Jobs
Go Colors,3.9,(418),Fashion & Textile | Chennai +68 other locations,925 Salaries,12 Interviews,2 Jobs
Black Knight,3.5,(417),IT Services & Consulting | Hyderabad / Secunderabad +4 other locations,2.7k Salaries,28 Interviews,-- Jobs
Titagarh Rail Systems,2.8,(418),Railways | Kolkata +18 other locations,1.6k Salaries,32 Interviews,1 Jobs
ArisGlobal,2.8,(417),IT Services & Consulting | Bangalore / Bengaluru +9 other locations,3k Salaries,41 Interviews,4 Jobs
Birla White,4.2,(417),Building Material | Jodhpur +108 other locations,1.1k Salaries,32 Interviews,-- Jobs
Grant Thornton Bharat,3.6,(418),Accounting & Auditing | Gurgaon / Gurugram +33 other locations,2.2k Salaries,80 Interviews,3 Jobs
Regency Hospital Ltd,4.1,(417),Healthcare | Kanpur +16 other locations,1.3k Salaries,22 Interviews,14 Jobs
OnePlus,3.7,(416),Consumer Electronics & Appliances | Bangalore / Bengaluru +57 other locations,1.9k Salaries,35 Interviews,-- Jobs
Varindera Constructions,4.5,(415),Engineering & Construction | New Delhi +20 other locations,913 Salaries,36 Interviews,8 Jobs
Zscaler Softech,3.3,(415),Software Product | Bangalore / Bengaluru +13 other locations,2.9k Salaries,80 Interviews,181 Jobs
Calsoft,2.7,(415),IT Services & Consulting | Pune +6 other locations,3.5k Salaries,55 Interviews,62 Jobs
Orion Innovation,3.4,(415),IT Services & Consulting | Chennai +12 other locations,3.4k Salaries,44 Interviews,2 Jobs
Havmor Ice Cream,4.1,(415),Food Processing | Ahmedabad +69 other locations,1.2k Salaries,27 Interviews,3 Jobs
Chettinad Cements,3.9,(417),Building Material | Chennai +60 other locations,1.9k Salaries,38 Interviews,-- Jobs
Magus Customer Dialog,3.7,(415),BPO | Hyderabad / Secunderabad +18 other locations,810 Salaries,12 Interviews,-- Jobs
Ramada,3.9,(415),Hospitality | Mumbai +58 other locations,1k Salaries,19 Interviews,-- Jobs
Comcast,3.9,(417),Telecom | Chennai +12 other locations,4.2k Salaries,89 Interviews,-- Jobs
Recpdcl.ltd,4.0,(414),Facility Management Services | New Delhi +67 other locations,851 Salaries,17 Interviews,-- Jobs
Kutchina,3.4,(414),Consumer Electronics & Appliances | Kolkata +65 other locations,1.2k Salaries,15 Interviews,2 Jobs
Recpdcl.ltd,4.0,(414),Facility Management Services | New Delhi +67 other locations,851 Salaries,17 Interviews,-- Jobs
Pocket FM,2.7,(415),Media & Entertainment | Bangalore / Bengaluru +16 other locations,1.7k Salaries,64 Interviews,11 Jobs
Honour Lab,3.9,(414),Pharma | Hyderabad / Secunderabad +19 other locations,1.7k Salaries,24 Interviews,-- Jobs
Motilal Oswal Wealth Management,4.3,(414),Financial Services | Mumbai +24 other locations,328 Salaries,31 Interviews,20 Jobs
Bonfiglioli Transmissions Limited,3.5,(414),Industrial Machinery | Chennai +23 other locations,1.6k Salaries,36 Interviews,10 Jobs
Rapido,3.5,(414),Internet | Bangalore / Bengaluru +58 other locations,2.2k Salaries,39 Interviews,6 Jobs
Rakuten Symphony,3.5,(414),Telecom | Indore +8 other locations,3.4k Salaries,40 Interviews,4 Jobs
Siyaram Silk Mills,4.1,(413),Fashion & Textile | Mumbai +37 other locations,1.5k Salaries,22 Interviews,17 Jobs
Secure Value,3.3,(413),IT Services & Consulting | Mumbai +82 other locations,932 Salaries,19 Interviews,-- Jobs
Lambda Therapeutic Research,4.0,(412),Clinical Research | Ahmedabad +8 other locations,1.4k Salaries,18 Interviews,26 Jobs
Tata Steel Downstream Products,3.6,(413),Iron & Steel | Jamshedpur +38 other locations,1.4k Salaries,41 Interviews,3 Jobs
NOON.COM,3.4,(413),Internet | Gurgaon / Gurugram +24 other locations,2.5k Salaries,53 Interviews,3 Jobs
National Organic Chemical Industries,3.8,(412),Chemicals | Bharuch +13 other locations,1.8k Salaries,31 Interviews,6 Jobs
Hiranandani Financial Services,4.0,(412),NBFC | Mumbai +88 other locations,880 Salaries,35 Interviews,16 Jobs
Falcon Autotech,3.9,(412),Industrial Automation | Noida +16 other locations,1.8k Salaries,51 Interviews,2 Jobs
Talbros,3.9,(411),Auto Components | Faridabad +24 other locations,1.7k Salaries,30 Interviews,2 Jobs
Dee Piping System,4.1,(411),Engineering & Construction | Faridabad +20 other locations,1.5k Salaries,27 Interviews,3 Jobs
Tally Solutions,4.0,(411),Software Product | Bangalore / Bengaluru +66 other locations,2.3k Salaries,47 Interviews,3 Jobs
TTK Healthcare,4.1,(411),Healthcare | Chennai +78 other locations,1.3k Salaries,18 Interviews,8 Jobs
Indian Political Action Committee,2.8,(411),Other | Kolkata +20 other locations,1.7k Salaries,50 Interviews,-- Jobs
India Nippon Electricals,3.9,(411),Electrical Equipment | Hosur +25 other locations,1.5k Salaries,22 Interviews,4 Jobs
NTPC GE Power Services,3.9,(411),Oil & Gas | Jharsuguda +28 other locations,1.4k Salaries,49 Interviews,1 Jobs
Pole To Win,3.3,(410),Gaming | Bangalore / Bengaluru +9 other locations,2k Salaries,61 Interviews,9 Jobs
Unified Mentor,4.0,(410),Bangalore / Bengaluru +40 other locations,365 Salaries,64 Interviews,-- Jobs
Midland Microfin Limited,3.5,(410),NBFC | Jalandhar +118 other locations,869 Salaries,35 Interviews,-- Jobs
Godrej Jersey,4.1,(411),Hyderabad / Secunderabad +42 other locations,1.3k Salaries,25 Interviews,-- Jobs
PC Solutions,4.0,(411),IT Services & Consulting | New Delhi +17 other locations,1.3k Salaries,38 Interviews,6 Jobs
Premium Transmission,3.3,(411),Industrial Machinery | Pune +17 other locations,1.9k Salaries,50 Interviews,1 Jobs
Tata Steel Utilities and Infrastructure Services,3.7,(410),Engineering & Construction | Jamshedpur +18 other locations,1.2k Salaries,37 Interviews,-- Jobs
Aramex,3.3,(410),Logistics | Mumbai +52 other locations,1.2k Salaries,25 Interviews,-- Jobs
Infovision,3.5,(410),IT Services & Consulting | Pune +12 other locations,3.9k Salaries,39 Interviews,26 Jobs
Ami Lifesciences,3.9,(410),Pharma | Vadodara +10 other locations,1.7k Salaries,21 Interviews,-- Jobs
Dun & Bradstreet,3.1,(410),Analytics & KPO | Mumbai +16 other locations,2.9k Salaries,41 Interviews,11 Jobs
Kiswok Industries,3.3,(411),Iron & Steel | Kolkata +6 other locations,1.7k Salaries,34 Interviews,8 Jobs
Tata BlueScope Steel,3.6,(409),Iron & Steel | Jamshedpur +38 other locations,1.5k Salaries,30 Interviews,5 Jobs
Ozone Overseas,3.9,(409),Building Material | New Delhi +57 other locations,1.4k Salaries,32 Interviews,6 Jobs
Knack Global,3.1,(409),IT Services & Consulting | Jaipur +11 other locations,1.6k Salaries,51 Interviews,18 Jobs
National Bulk Handling Corporation,4.1,(409),Agriculture | Mumbai +75 other locations,1.1k Salaries,21 Interviews,9 Jobs
Rieter,3.6,(409),Industrial Machinery | Pune +14 other locations,2.2k Salaries,30 Interviews,10 Jobs
The Indian Hotels Company,4.1,(409),Hospitality | Mumbai +54 other locations,1.6k Salaries,28 Interviews,179 Jobs
Head Field Solutions,4.1,(410),Recruitment | Noida +5 other locations,1.2k Salaries,65 Interviews,1 Jobs
FM LOGISTIC,3.9,(409),Logistics | Pune +35 other locations,1.3k Salaries,30 Interviews,12 Jobs
Neilsoft,3.3,(409),Engineering & Construction | Pune +11 other locations,2.8k Salaries,45 Interviews,36 Jobs
A. O. Smith India Water Products Private Limited,3.9,(408),Consumer Electronics & Appliances | Bangalore / Bengaluru +50 other locations,1.3k Salaries,20 Interviews,3 Jobs
Konexions Back Office Services,2.7,(408),BPO | New Delhi +19 other locations,1.5k Salaries,31 Interviews,6 Jobs
Aliens Group,4.0,(408),Real Estate | Hyderabad / Secunderabad +6 other locations,1.3k Salaries,45 Interviews,24 Jobs
Tagros Chemicals,3.5,(408),Agro Chemicals | Cuddalore +12 other locations,1.8k Salaries,40 Interviews,-- Jobs
Essar Group,3.7,(407),Engineering & Construction | Mumbai +45 other locations,1.8k Salaries,32 Interviews,4 Jobs
Nexteer Automotive,3.8,(407),Auto Components | Bangalore / Bengaluru +10 other locations,2.5k Salaries,26 Interviews,-- Jobs
PC Jewellers,3.9,(406),Metals & Mining | New Delhi +73 other locations,940 Salaries,18 Interviews,4 Jobs
Virchow Biotech,3.4,(406),Pharma | Hyderabad / Secunderabad +12 other locations,1.7k Salaries,24 Interviews,-- Jobs
Asian Granito India,3.5,(395),Building Material | Ahmedabad +68 other locations,1.5k Salaries,15 Interviews,-- Jobs
Freecharge,3.8,(405),FinTech | Gurgaon / Gurugram +56 other locations,2.6k Salaries,64 Interviews,26 Jobs
Ingersoll Rand,3.9,(405),Industrial Machinery | Bangalore / Bengaluru +29 other locations,2.3k Salaries,35 Interviews,9 Jobs
Agro Tech Foods,4.0,(405),FMCG | Hyderabad / Secunderabad +77 other locations,1.2k Salaries,21 Interviews,1 Jobs
e2open,3.5,(406),Software Product | Bangalore / Bengaluru +15 other locations,3.4k Salaries,61 Interviews,9 Jobs
Cipla Health,4.2,(405),Pharma | Mumbai +83 other locations,1.3k Salaries,38 Interviews,-- Jobs
Capital Trust,3.3,(406),NBFC | New Delhi +119 other locations,847 Salaries,22 Interviews,-- Jobs
Mazagon Dock,4.3,(405),Ports & Shipping | Mumbai +10 other locations,1.1k Salaries,21 Interviews,-- Jobs
Fossil Group,3.8,(405),Fashion & Textile | Bangalore / Bengaluru +38 other locations,2k Salaries,32 Interviews,3 Jobs
Uniparts Group,3.6,(405),Industrial Machinery | Noida +13 other locations,1.5k Salaries,21 Interviews,11 Jobs
Anunta Technology Management Services,3.5,(407),IT Services & Consulting | Mumbai +20 other locations,2k Salaries,38 Interviews,8 Jobs
Flatworld Solutions,3.4,(405),BPO | Bangalore / Bengaluru +10 other locations,2.8k Salaries,30 Interviews,11 Jobs
TRINAMIX,4.4,(440),IT Services & Consulting | Pune +5 other locations,863 Salaries,46 Interviews,46 Jobs
Flipkart Wholesale,3.8,(408),Bangalore / Bengaluru +57 other locations,954 Salaries,65 Interviews,-- Jobs
Nous Infosystems,3.6,(405),IT Services & Consulting | Bangalore / Bengaluru +8 other locations,3.3k Salaries,46 Interviews,15 Jobs
Win Medicare,4.1,(405),Pharma | New Delhi +62 other locations,953 Salaries,22 Interviews,-- Jobs
International Automotive Components,3.8,(404),Auto Components | Pune +17 other locations,1.9k Salaries,25 Interviews,-- Jobs
Penna Cement Industries,4.0,(404),Building Material | Hyderabad / Secunderabad +47 other locations,1.6k Salaries,13 Interviews,-- Jobs
TresVista,2.5,(404),Financial Services | Pune +11 other locations,2.8k Salaries,123 Interviews,18 Jobs
LKQ INDIA,3.5,(406),IT Services & Consulting | Bangalore / Bengaluru +5 other locations,2.3k Salaries,37 Interviews,4 Jobs
DataMetica,3.2,(403),IT Services & Consulting | Pune +6 other locations,2.7k Salaries,47 Interviews,22 Jobs
Hexagon Nutrition,4.1,(403),Food Processing | Mumbai +31 other locations,1k Salaries,17 Interviews,11 Jobs
Odessa,3.7,(403),Software Product | Bangalore / Bengaluru +3 other locations,2.4k Salaries,46 Interviews,-- Jobs
Mungi Group,3.9,(403),Auto Components | Pune +14 other locations,1.7k Salaries,24 Interviews,-- Jobs
Accel Frontline,4.1,(403),IT Services & Consulting | Chennai +56 other locations,751 Salaries,7 Interviews,-- Jobs
MyMoneyMantra,3.2,(403),Internet | New Delhi +26 other locations,1.8k Salaries,14 Interviews,3 Jobs
Schoolnet India,3.9,(403),EdTech | Mumbai +90 other locations,1k Salaries,21 Interviews,21 Jobs
Freyr Solutions,3.7,(402),Legal | Hyderabad / Secunderabad +8 other locations,2.5k Salaries,31 Interviews,20 Jobs
Aculife Healthcare,3.0,(404),Pharma | Ahmedabad +34 other locations,1.4k Salaries,31 Interviews,2 Jobs
Larsen & Toubro Group,4.1,(402),Engineering & Construction | Chennai +73 other locations,1k Salaries,95 Interviews,-- Jobs
InfoBeans,3.4,(405),IT Services & Consulting | Indore +7 other locations,3.5k Salaries,44 Interviews,49 Jobs
Prolifics Corporation,3.6,(406),IT Services & Consulting | Hyderabad / Secunderabad +6 other locations,2.4k Salaries,53 Interviews,64 Jobs
Roop Automotives,4.2,(402),Auto Components | Gurgaon / Gurugram +14 other locations,1.3k Salaries,30 Interviews,1 Jobs
IMS People,3.6,(402),Recruitment | Ahmedabad +26 other locations,2.1k Salaries,40 Interviews,3 Jobs
Samsonite,4.1,(401),Retail | Nashik +60 other locations,1.3k Salaries,15 Interviews,5 Jobs
Karvy DigiKonnect,3.1,(401),Financial Services | Hyderabad / Secunderabad +20 other locations,1.3k Salaries,7 Interviews,-- Jobs
Oberoi Realty,4.2,(401),Real Estate | Mumbai +11 other locations,1.9k Salaries,19 Interviews,10 Jobs
Roca Bathroom Products,3.8,(401),Building Material | Chennai +59 other locations,1.3k Salaries,20 Interviews,-- Jobs
IB Group,3.7,(401),Food Processing | Rajnandgaon +79 other locations,1.5k Salaries,26 Interviews,1 Jobs
Western Union,3.0,(403),FinTech | Pune +18 other locations,2.6k Salaries,37 Interviews,6 Jobs
FCm Travel Solutions,3.2,(402),Travel & Tourism | New Delhi +23 other locations,1.6k Salaries,13 Interviews,14 Jobs
CogentHubCX.AI,3.4,(402),BPO | Kolkata +9 other locations,761 Salaries,33 Interviews,38 Jobs
Global Indian International School,4.2,(401),Education & Training | Noida +23 other locations,1k Salaries,17 Interviews,21 Jobs
Chambal Fertilisers And Chemicals,3.8,(402),Agro Chemicals | Kota +52 other locations,1.5k Salaries,25 Interviews,-- Jobs
Aka Logistics,3.3,(402),Logistics | Kolkata +39 other locations,1.3k Salaries,36 Interviews,-- Jobs
Citykart Retail,3.7,(401),Retail | New Delhi +69 other locations,947 Salaries,25 Interviews,-- Jobs
Pon Pure Chemical,3.4,(400),Chemicals | Chennai +42 other locations,1.4k Salaries,23 Interviews,27 Jobs
Arvind Fashions,3.8,(401),Fashion & Textile | Bangalore / Bengaluru +59 other locations,1.7k Salaries,21 Interviews,-- Jobs
Pearson Education India,4.0,(400),Education & Training | Bangalore / Bengaluru +58 other locations,1.7k Salaries,9 Interviews,19 Jobs
Realty Assistant,3.5,(411),Real Estate | Noida +15 other locations,632 Salaries,44 Interviews,6 Jobs
Apex Laboratories,3.8,(400),Pharma | Chennai +61 other locations,1.8k Salaries,23 Interviews,3 Jobs
Novartis Healthcare,4.1,(400),Pharma | Hyderabad / Secunderabad +26 other locations,3.1k Salaries,22 Interviews,12 Jobs
Polestar Analytics,4.0,(400),IT Services & Consulting | Noida +9 other locations,1.1k Salaries,23 Interviews,19 Jobs
Bmm Ispat,3.9,(400),Iron & Steel | Hosapete +13 other locations,1.4k Salaries,35 Interviews,3 Jobs
GE Vernova T&D India,4.1,(399),Power | Chennai +39 other locations,1.6k Salaries,9 Interviews,-- Jobs
Groupon,3.2,(399),Internet | Chennai +10 other locations,2.3k Salaries,43 Interviews,3 Jobs
ICFAI University,3.6,(399),Education & Training | Hyderabad / Secunderabad +56 other locations,879 Salaries,23 Interviews,1 Jobs
Amri Hospital,4.0,(399),Healthcare | Kolkata +11 other locations,1.2k Salaries,27 Interviews,-- Jobs
Echobooom Management & Entrepreneurial Solutions,3.7,(401),Marketing & Advertising | Mumbai +19 other locations,462 Salaries,98 Interviews,73 Jobs
Ensono,4.2,(399),IT Services & Consulting | Pune +10 other locations,2.4k Salaries,31 Interviews,68 Jobs
Adani Cement,3.5,(400),Building Material | Ahmedabad +124 other locations,1.6k Salaries,48 Interviews,-- Jobs
L&T Heavy Engineering,3.9,(398),Surat +25 other locations,774 Salaries,31 Interviews,-- Jobs
Tessolve,3.3,(398),Semiconductors | Bangalore / Bengaluru +12 other locations,2.6k Salaries,61 Interviews,118 Jobs
Bonace Engineers,3.9,(398),Recruitment | Mumbai +55 other locations,1.2k Salaries,33 Interviews,-- Jobs
Eversendai,3.6,(399),Engineering & Construction | Chennai +19 other locations,1.5k Salaries,30 Interviews,3 Jobs
RCM,4.1,(398),Retail | Bhilwara +45 other locations,608 Salaries,49 Interviews,7 Jobs
TCL,4.1,(398),Consumer Electronics & Appliances | Tirupati +49 other locations,2k Salaries,40 Interviews,-- Jobs
Raptakos Brett and Company,3.5,(398),Pharma | Mumbai +58 other locations,1.4k Salaries,22 Interviews,2 Jobs
Theobroma Foods,3.9,(399),Food Processing | Mumbai +32 other locations,1.3k Salaries,22 Interviews,32 Jobs
Raptakos Brett and Company,3.5,(398),Pharma | Mumbai +58 other locations,1.4k Salaries,22 Interviews,2 Jobs
NeoGrowth Credit,3.1,(399),NBFC | Mumbai +31 other locations,1.7k Salaries,24 Interviews,33 Jobs
Ess Kay Fincorp,4.1,(397),NBFC | Jaipur +109 other locations,980 Salaries,12 Interviews,5 Jobs
IIMI Image Management Private Limited,4.1,(407),BPO | Kolkata +5 other locations,533 Salaries,41 Interviews,-- Jobs
Akal Information Systems,3.9,(398),IT Services & Consulting | New Delhi +51 other locations,1.8k Salaries,26 Interviews,-- Jobs
Zealous Services,2.8,(397),Design | Chennai +9 other locations,1.1k Salaries,22 Interviews,2 Jobs
Oda Class,3.0,(397),EdTech | Bangalore / Bengaluru +7 other locations,595 Salaries,27 Interviews,-- Jobs
Bhagwati Products,3.7,(397),Consumer Electronics & Appliances | Noida +18 other locations,1.1k Salaries,16 Interviews,-- Jobs
Nettur Technical Training Foundation,3.6,(398),Education & Training | Bangalore / Bengaluru +45 other locations,1.2k Salaries,27 Interviews,5 Jobs
Baramati Agro,3.8,(397),FMCG | Pune +47 other locations,1.5k Salaries,27 Interviews,1 Jobs
Tyger Capital,4.0,(396),NBFC | Mumbai +116 other locations,1.3k Salaries,28 Interviews,6 Jobs
P.D. Hinduja National Hospital and Medical Research Centre,3.8,(396),Healthcare | Mumbai +13 other locations,2.3k Salaries,26 Interviews,-- Jobs
Venus Remedies,4.2,(396),Pharma | Baddi +38 other locations,962 Salaries,41 Interviews,26 Jobs
Carrier Midea,3.7,(397),Semiconductors | Pune +51 other locations,1.7k Salaries,19 Interviews,2 Jobs
SBI Capital Markets,3.6,(396),Mumbai +117 other locations,2.1k Salaries,23 Interviews,-- Jobs
Motilal Oswal Private Wealth Management,4.5,(396),Mumbai +26 other locations,300 Salaries,78 Interviews,-- Jobs
Spice Money,4.1,(396),FinTech | Noida +106 other locations,1.4k Salaries,34 Interviews,-- Jobs
YKK,3.8,(396),Fashion & Textile | Rewari +24 other locations,1.3k Salaries,25 Interviews,-- Jobs
Onsitego,3.8,(396),Internet | Mumbai +30 other locations,1.3k Salaries,20 Interviews,31 Jobs
Orient Bell,3.3,(397),Building Material | New Delhi +69 other locations,1.4k Salaries,21 Interviews,2 Jobs
GRT Jewellers,4.2,(396),Jewellery | Chennai +37 other locations,1.4k Salaries,28 Interviews,11 Jobs
Innovatiview India Ltd,4.1,(397),Emerging Technologies | Noida +13 other locations,1.2k Salaries,37 Interviews,14 Jobs
Saama Technologies,3.7,(396),IT Services & Consulting | Pune +7 other locations,3.5k Salaries,59 Interviews,29 Jobs
MAYORA,3.8,(396),FMCG | Hyderabad / Secunderabad +85 other locations,953 Salaries,21 Interviews,-- Jobs
Scientific Publishing Services,3.7,(395),Analytics & KPO | Chennai +7 other locations,1.4k Salaries,18 Interviews,-- Jobs
Fortis Escorts Hospital,4.2,(395),Healthcare | New Delhi +16 other locations,944 Salaries,20 Interviews,-- Jobs
Systems Plus,4.3,(397),IT Services & Consulting | Pune +11 other locations,1.5k Salaries,31 Interviews,59 Jobs
BDO RISE Private Limited,3.3,(395),Accounting & Auditing | Bangalore / Bengaluru +9 other locations,2.4k Salaries,35 Interviews,9 Jobs
Metrochem Api,3.0,(394),Pharma | Hyderabad / Secunderabad +11 other locations,1.8k Salaries,31 Interviews,3 Jobs
HealthKart,3.8,(394),Internet | Gurgaon / Gurugram +38 other locations,1.9k Salaries,30 Interviews,18 Jobs
SAEL Industries Limited,3.9,(394),Power | New Delhi +54 other locations,1.4k Salaries,39 Interviews,37 Jobs
Greet Technologies,2.7,(394),BPO | Bangalore / Bengaluru +7 other locations,1.2k Salaries,34 Interviews,3 Jobs
Mann And Hummel Filter,3.9,(394),Industrial Machinery | Bangalore / Bengaluru +20 other locations,1.7k Salaries,19 Interviews,4 Jobs
Yutika Natural,3.5,(394),Beauty & Personal Care | Indore +65 other locations,876 Salaries,22 Interviews,8 Jobs
ANR Software Private Limited,4.1,(393),IT Services & Consulting | Noida +5 other locations,1.1k Salaries,35 Interviews,37 Jobs
Samsung SDS,3.0,(393),IT Services & Consulting | Gurgaon / Gurugram +22 other locations,2.6k Salaries,30 Interviews,-- Jobs
M Baazar,3.9,(393),Retail | Kolkata +90 other locations,828 Salaries,31 Interviews,14 Jobs
PGP Glass,4.0,(393),Packaging | Vadodara +15 other locations,1.2k Salaries,31 Interviews,8 Jobs
Etech Global Services,3.7,(393),BPO | Gandhinagar +11 other locations,1.7k Salaries,44 Interviews,4 Jobs
Welspun Flooring,3.8,(394),Building Material | Hyderabad / Secunderabad +27 other locations,1.2k Salaries,21 Interviews,-- Jobs
Jyoti CNC Automation,4.0,(392),Industrial Machinery | Rajkot +31 other locations,1.3k Salaries,23 Interviews,9 Jobs
myGate,3.0,(392),Law Enforcement & Security | Bangalore / Bengaluru +20 other locations,2.2k Salaries,30 Interviews,3 Jobs
Hero Housing Finance,3.8,(392),Financial Services | New Delhi +90 other locations,1.5k Salaries,22 Interviews,95 Jobs
Desun Hospital & Heart Institute,3.8,(392),Healthcare | Kolkata +12 other locations,981 Salaries,27 Interviews,4 Jobs
Imarticus Learning,3.9,(392),EdTech | Mumbai +23 other locations,1.1k Salaries,29 Interviews,11 Jobs
Indus Net Technologies,3.3,(391),IT Services & Consulting | Kolkata +7 other locations,1.9k Salaries,32 Interviews,1 Jobs
Venkateshwara Hatcheries,3.8,(391),Food Processing | Pune +56 other locations,1.4k Salaries,11 Interviews,-- Jobs
National Fertilizers,4.4,(391),Agro Chemicals | Panipat +33 other locations,1k Salaries,28 Interviews,-- Jobs
Nippon Koei India,4.7,(475),Engineering & Construction | New Delhi +52 other locations,1.1k Salaries,52 Interviews,-- Jobs
Indian Institute of Technology Gandhinagar,4.1,(391),Education & Training | New Delhi +40 other locations,2.4k Salaries,23 Interviews,6 Jobs
Bangalore International Airport,4.4,(391),Aviation | Bangalore / Bengaluru +14 other locations,1.5k Salaries,30 Interviews,9 Jobs
JBS Enterprises,3.1,(390),Electronics Manufacturing | Mumbai +67 other locations,1k Salaries,27 Interviews,5 Jobs
Buhler,3.8,(390),Industrial Machinery | Bangalore / Bengaluru +28 other locations,1.8k Salaries,31 Interviews,-- Jobs
Intercontinental Exchange,3.1,(390),Financial Services | Hyderabad / Secunderabad +7 other locations,2.4k Salaries,42 Interviews,-- Jobs
Uplers,3.8,(391),Internet | Ahmedabad +12 other locations,1.6k Salaries,45 Interviews,538 Jobs
Shyam Sel & Power,3.8,(390),Industrial Machinery | Kolkata +25 other locations,1.4k Salaries,56 Interviews,-- Jobs
Tirumala Milk Products,4.2,(391),Food Processing | Chennai +54 other locations,1.1k Salaries,31 Interviews,6 Jobs
Bank of Maharashtra,3.3,(390),Banking | Pune +76 other locations,1.5k Salaries,17 Interviews,-- Jobs
Clean Harbors,3.4,(390),Waste Management | Hyderabad / Secunderabad +3 other locations,2.5k Salaries,33 Interviews,10 Jobs
Sunstone,3.7,(390),Education & Training | Gurgaon / Gurugram +25 other locations,1.6k Salaries,24 Interviews,33 Jobs
Haldia Petrochemicals,3.8,(389),Petrochemicals | Haldia +15 other locations,1.8k Salaries,37 Interviews,1 Jobs
Silver Touch Technologies,3.1,(390),IT Services & Consulting | New Delhi +37 other locations,2.4k Salaries,31 Interviews,15 Jobs
Aizant Drug Research Solutions,3.8,(390),Clinical Research | Hyderabad / Secunderabad +4 other locations,1.2k Salaries,14 Interviews,12 Jobs
Invensis Technologies,3.6,(389),BPO | Bangalore / Bengaluru +12 other locations,1.8k Salaries,32 Interviews,3 Jobs
Impact Guru,3.5,(390),Internet | Mumbai +22 other locations,1.5k Salaries,47 Interviews,29 Jobs
American Axle & Manufacturing,4.3,(389),Auto Components | Pune +11 other locations,1.4k Salaries,23 Interviews,-- Jobs
ITC Limited - Paperboards Specialty Papers Division,3.9,(388),Packaging | Bhadrachalam +18 other locations,1.5k Salaries,17 Interviews,1 Jobs
Himatsingka Seide,3.6,(389),Fashion & Textile | Bangalore / Bengaluru +17 other locations,1.5k Salaries,27 Interviews,4 Jobs
Supertech,4.0,(388),Real Estate | Noida +19 other locations,1.6k Salaries,18 Interviews,8 Jobs
Broadcom,3.3,(389),Semiconductors | Hyderabad / Secunderabad +13 other locations,3k Salaries,44 Interviews,26 Jobs
Nidec Corporation,3.6,(388),Industrial Machinery | Neemrana +25 other locations,1.6k Salaries,25 Interviews,2 Jobs
Enterprise Growth Accelerator,3.5,(387),Faridabad +9 other locations,634 Salaries,11 Interviews,-- Jobs
Kanpur Fertilizers & Chemicals,3.6,(387),Agro Chemicals | Kanpur +34 other locations,1.2k Salaries,34 Interviews,-- Jobs
Federal Mogul Goetze,4.0,(387),Auto Components | Bangalore / Bengaluru +32 other locations,1.3k Salaries,17 Interviews,-- Jobs
Hanon Systems,4.0,(387),Auto Components | Chennai +20 other locations,1.6k Salaries,16 Interviews,-- Jobs
HYT Engineering Company Pvt Ltd,3.4,(388),Industrial Machinery | Pune +26 other locations,1.4k Salaries,37 Interviews,7 Jobs
Lotte India Corporation,4.0,(387),FMCG | Chennai +83 other locations,1.3k Salaries,30 Interviews,5 Jobs
Accelya Solutions India Limited,3.4,(386),IT Services & Consulting | Mumbai +12 other locations,2.6k Salaries,49 Interviews,58 Jobs
Munjal Showa,3.2,(386),Auto Components | Gurgaon / Gurugram +12 other locations,1.2k Salaries,18 Interviews,-- Jobs
SHARE Microfin,4.2,(387),Financial Services | Hyderabad / Secunderabad +131 other locations,561 Salaries,20 Interviews,-- Jobs
Vision India Services,3.8,(387),Recruitment | Noida +99 other locations,1.3k Salaries,37 Interviews,-- Jobs
Astra Microwave Products,3.9,(386),Defence & Aerospace | Hyderabad / Secunderabad +14 other locations,2k Salaries,31 Interviews,1 Jobs
Vidal Health Tpa,3.4,(386),Insurance | Bangalore / Bengaluru +40 other locations,1.2k Salaries,29 Interviews,6 Jobs
Kcc Buildcon,3.9,(386),Engineering & Construction | Gurgaon / Gurugram +55 other locations,1.4k Salaries,31 Interviews,1 Jobs
Sleek International,3.5,(386),Furniture & Furnishing | Mumbai +83 other locations,1.2k Salaries,31 Interviews,-- Jobs
Moolchand Hospital,4.2,(386),Healthcare | New Delhi +10 other locations,743 Salaries,21 Interviews,15 Jobs
Avalara Technologies,3.1,(388),Software Product | Pune +5 other locations,3k Salaries,71 Interviews,38 Jobs
Accelya Solutions India Limited,3.4,(386),IT Services & Consulting | Mumbai +12 other locations,2.6k Salaries,49 Interviews,58 Jobs
Bharat Aluminium Company (BALCO),4.0,(386),Metals & Mining | Korba +16 other locations,1.5k Salaries,35 Interviews,-- Jobs
Connectwise India,3.5,(385),IT Services & Consulting | Pune +9 other locations,2.7k Salaries,59 Interviews,8 Jobs
UNIVO Education,3.3,(385),EdTech | Noida +9 other locations,1.4k Salaries,29 Interviews,1 Jobs
Grey Orange,3.1,(385),Software Product | Gurgaon / Gurugram +9 other locations,2.2k Salaries,44 Interviews,71 Jobs
Gtpl Hathway,3.9,(385),Broadcasting | Ahmedabad +50 other locations,1.8k Salaries,27 Interviews,17 Jobs
SML Isuzu,4.1,(385),Automobile | Chandigarh +53 other locations,1.3k Salaries,27 Interviews,1 Jobs
Piramal Swasthya,4.1,(386),Hyderabad / Secunderabad +61 other locations,958 Salaries,20 Interviews,3 Jobs
Sagar Cements,4.3,(385),Building Material | Hyderabad / Secunderabad +44 other locations,1.3k Salaries,34 Interviews,1 Jobs
Flyjac Logistics,4.0,(384),Logistics | Chennai +53 other locations,1.3k Salaries,8 Interviews,2 Jobs
Glaze Trading India,4.2,(384),Retail | New Delhi +86 other locations,895 Salaries,17 Interviews,-- Jobs
State Street Bank,3.6,(384),Banking | Bangalore / Bengaluru +17 other locations,2.9k Salaries,18 Interviews,-- Jobs
Shiprocket Private Limited,3.4,(384),Internet | Gurgaon / Gurugram +13 other locations,2.6k Salaries,56 Interviews,60 Jobs
Ashiana Housing,4.1,(384),Real Estate | Jaipur +19 other locations,1.5k Salaries,33 Interviews,23 Jobs
Marksans Pharma,3.5,(384),Pharma | Mumbai +21 other locations,1.6k Salaries,24 Interviews,1 Jobs
Gold Plus Glass,3.5,(383),Other | Roorkee +36 other locations,1.4k Salaries,21 Interviews,6 Jobs
STUDDS Accessories Limited,3.9,(383),Auto Components | Faridabad +14 other locations,1.2k Salaries,55 Interviews,-- Jobs
Triumphant Institute of Management Education,3.7,(383),Education & Training | Hyderabad / Secunderabad +73 other locations,1.2k Salaries,15 Interviews,47 Jobs
Copeland,3.9,(383),Electronics Manufacturing | Pune +25 other locations,2k Salaries,23 Interviews,81 Jobs
Indian Overseas Bank,3.3,(383),Banking | Chennai +81 other locations,1.1k Salaries,16 Interviews,-- Jobs
V-Xpress,3.9,(384),Logistics | Mumbai +61 other locations,1k Salaries,20 Interviews,-- Jobs
Aeries Technology,3.2,(383),IT Services & Consulting | Bangalore / Bengaluru +7 other locations,2.3k Salaries,31 Interviews,86 Jobs
BPTP,4.1,(383),Real Estate | New Delhi +6 other locations,1.3k Salaries,26 Interviews,12 Jobs
UCAL Fuel Systems,3.9,(382),Auto Components | Chennai +18 other locations,1.3k Salaries,9 Interviews,-- Jobs
Ipsos,3.2,(382),Analytics & KPO | Mumbai +27 other locations,2.4k Salaries,42 Interviews,10 Jobs
Manhattan Associates,3.5,(382),IT Services & Consulting | Bangalore / Bengaluru +5 other locations,3.4k Salaries,42 Interviews,28 Jobs
Christian Medical College,4.1,(382),Education & Training | Vellore +31 other locations,1.2k Salaries,13 Interviews,7 Jobs
D.p. Jain & Co. Infrastructure Pvt .,3.2,(382),Engineering & Construction | Nagpur +41 other locations,1.3k Salaries,28 Interviews,3 Jobs
V-bazaar Retail,3.9,(382),Retail | Gurgaon / Gurugram +76 other locations,894 Salaries,31 Interviews,-- Jobs
ClearTax,3.0,(383),IT Services & Consulting | Bangalore / Bengaluru +10 other locations,2.1k Salaries,49 Interviews,16 Jobs
Rama Medical College Hospital & Research Centre,4.0,(387),Healthcare | Kanpur +19 other locations,1.1k Salaries,38 Interviews,-- Jobs
Axis Finance,3.7,(381),NBFC | Mumbai +78 other locations,2k Salaries,24 Interviews,10 Jobs
Owens Corning,3.5,(381),Building Material | Mumbai +12 other locations,1.7k Salaries,20 Interviews,1 Jobs
AccorHotels,4.3,(381),Hospitality | New Delhi +42 other locations,1.2k Salaries,21 Interviews,-- Jobs
Kailash Hospital,3.7,(382),Healthcare | Noida +25 other locations,978 Salaries,19 Interviews,36 Jobs
PropTiger.com,3.8,(381),Internet | Bangalore / Bengaluru +15 other locations,1.3k Salaries,24 Interviews,-- Jobs
Mettler-Toledo,3.6,(381),Electrical Equipment | Mumbai +22 other locations,2k Salaries,27 Interviews,6 Jobs
XL Health,4.2,(381),Healthcare | Bangalore / Bengaluru +6 other locations,1.5k Salaries,23 Interviews,-- Jobs
Hajee A P Bava Construction,3.8,(381),Engineering & Construction | Hyderabad / Secunderabad +61 other locations,946 Salaries,12 Interviews,1 Jobs
Stanley Black & Decker,3.7,(380),Pune +27 other locations,1.8k Salaries,24 Interviews,34 Jobs
Publicis,3.6,(380),Marketing & Advertising | Gurgaon / Gurugram +16 other locations,3.9k Salaries,55 Interviews,-- Jobs
Coronis Health,3.4,(380),Analytics & KPO | Mohali +10 other locations,1.1k Salaries,27 Interviews,6 Jobs
Dimension Data,4.4,(380),IT Services & Consulting | Bangalore / Bengaluru +53 other locations,1.3k Salaries,8 Interviews,-- Jobs
Jeeves Consumer Services,3.6,(380),Consumer Electronics & Appliances | Bangalore / Bengaluru +59 other locations,847 Salaries,32 Interviews,15 Jobs
Kirloskar Toyota Textile Machinery,4.6,(380),Industrial Machinery | Bangalore / Bengaluru +10 other locations,795 Salaries,20 Interviews,-- Jobs
ABM Knowledgeware,3.7,(380),IT Services & Consulting | Mumbai +40 other locations,1.4k Salaries,32 Interviews,5 Jobs
Healthcare At Home,3.7,(381),Healthcare | Mumbai +34 other locations,1.2k Salaries,29 Interviews,16 Jobs
Cheil India,2.8,(380),Marketing & Advertising | Gurgaon / Gurugram +22 other locations,2k Salaries,19 Interviews,7 Jobs
Sangeetha Mobile,3.6,(380),Retail | Bangalore / Bengaluru +83 other locations,1.4k Salaries,20 Interviews,-- Jobs
MRF Vapocure Paints,4.0,(381),Chemicals | Chennai +95 other locations,1.2k Salaries,31 Interviews,-- Jobs
Alfanar,4.0,(379),Electronics Manufacturing | Chennai +34 other locations,910 Salaries,24 Interviews,14 Jobs
Acadecraft,3.1,(379),EdTech | Noida +10 other locations,883 Salaries,53 Interviews,1 Jobs
Bses Yamuna Power,3.7,(379),Power | New Delhi +6 other locations,1.4k Salaries,22 Interviews,-- Jobs
Gujarat Ambuja Exports,3.5,(379),Agro Chemicals | Ahmedabad +32 other locations,1.4k Salaries,22 Interviews,2 Jobs
Moser Baer,3.9,(378),Consumer Electronics & Appliances | Noida +12 other locations,698 Salaries,9 Interviews,-- Jobs
Runwal Group,4.0,(378),Real Estate | Mumbai +9 other locations,1.8k Salaries,25 Interviews,-- Jobs
RDC Concrete (India),4.0,(378),Real Estate | Mumbai +49 other locations,1.2k Salaries,38 Interviews,5 Jobs
SPRINKLR,2.9,(378),Software Product | Bangalore / Bengaluru +8 other locations,3.7k Salaries,110 Interviews,77 Jobs
Nowfloats Technologies,2.9,(377),Software Product | Hyderabad / Secunderabad +39 other locations,1.1k Salaries,18 Interviews,7 Jobs
Kuehne + Nagel,3.8,(377),Logistics | Gurgaon / Gurugram +33 other locations,1.6k Salaries,25 Interviews,11 Jobs
SRM University,3.5,(377),Education & Training | Chennai +26 other locations,1.4k Salaries,29 Interviews,-- Jobs
Adani Logistics,3.7,(377),Ahmedabad +69 other locations,1.6k Salaries,15 Interviews,-- Jobs
Dynacons Systems & Solutions,3.7,(377),IT Services & Consulting | Mumbai +70 other locations,1.3k Salaries,25 Interviews,25 Jobs
Universal Corporation,3.7,(377),Pharma | Kolkata +60 other locations,1.3k Salaries,19 Interviews,1 Jobs
Enphase Energy,2.7,(377),Power | Bangalore / Bengaluru +11 other locations,2.8k Salaries,52 Interviews,1 Jobs
Vectus Industries,4.1,(378),Petrochemicals | Noida +59 other locations,1.3k Salaries,19 Interviews,-- Jobs
Azentio,3.2,(378),Software Product | Chennai +16 other locations,3.4k Salaries,47 Interviews,1 Jobs
Park Hospital,3.6,(376),Healthcare | Gurgaon / Gurugram +22 other locations,1.2k Salaries,25 Interviews,13 Jobs
Mahindra Last Mile Mobility,3.7,(376),Automobile | Bangalore / Bengaluru +29 other locations,1k Salaries,20 Interviews,-- Jobs
Jubilant Biosys,3.6,(376),Biotechnology | Bangalore / Bengaluru +14 other locations,1.9k Salaries,40 Interviews,41 Jobs
Mindlance,3.6,(376),Recruitment | Noida +11 other locations,1.5k Salaries,25 Interviews,1 Jobs
Karvy Innotech,3.0,(376),IT Services & Consulting | New Delhi +42 other locations,1.8k Salaries,30 Interviews,-- Jobs
World Vision,4.3,(377),Non-Profit | Chennai +99 other locations,701 Salaries,21 Interviews,13 Jobs
Air Liquide,3.7,(376),Chemicals | New Delhi +36 other locations,1.5k Salaries,28 Interviews,12 Jobs
Kennametal,3.5,(375),Industrial Machinery | Bangalore / Bengaluru +12 other locations,1.8k Salaries,27 Interviews,4 Jobs
Rosmerta Technologies,3.4,(375),Automobile | Gurgaon / Gurugram +56 other locations,1.6k Salaries,31 Interviews,21 Jobs
JUSTO Realfintech,4.5,(375),Real Estate | Pune +12 other locations,617 Salaries,124 Interviews,34 Jobs
Descon Engineering,3.9,(375),Engineering & Construction | Mumbai +27 other locations,609 Salaries,22 Interviews,-- Jobs
Nissan,3.6,(375),Automobile | Chennai +73 other locations,1.8k Salaries,28 Interviews,6 Jobs
AQuity Solutions India,3.7,(375),IT Services & Consulting | Hyderabad / Secunderabad +20 other locations,2k Salaries,40 Interviews,16 Jobs
Srei Equipment Finance,4.3,(375),Financial Services | Kolkata +79 other locations,1k Salaries,11 Interviews,-- Jobs
MCM Telecom Equipment,3.8,(375),Electronics Manufacturing | Noida +6 other locations,910 Salaries,17 Interviews,-- Jobs
AppInventiv Technologies,3.7,(375),Software Product | Noida +12 other locations,2.5k Salaries,78 Interviews,21 Jobs
IDS Infotech,2.8,(374),IT Services & Consulting | Chandigarh +22 other locations,1.3k Salaries,42 Interviews,7 Jobs
SKH Y-TEC,3.8,(374),Auto Components | Ahmedabad +22 other locations,1.3k Salaries,30 Interviews,-- Jobs
Xdbs,2.9,(375),Marketing & Advertising | Pune +4 other locations,1.7k Salaries,39 Interviews,-- Jobs
Shree Baidyanath Ayurved Bhawan,3.8,(374),Pharma | Kolkata +42 other locations,1.2k Salaries,29 Interviews,4 Jobs
Core Integra Consulting Services,3.4,(374),Recruitment | Mumbai +83 other locations,1.2k Salaries,23 Interviews,-- Jobs
Konecranes,3.9,(375),Industrial Machinery | Pune +14 other locations,1.8k Salaries,23 Interviews,8 Jobs
Jamna Auto Industries,3.8,(374),Auto Components | Gwalior +39 other locations,1.6k Salaries,19 Interviews,1 Jobs
Examity,3.3,(374),EdTech | Hyderabad / Secunderabad +6 other locations,1.8k Salaries,33 Interviews,5 Jobs
Sumitomo Chemical,4.0,(374),Chemicals | Bhavnagar +81 other locations,1.5k Salaries,19 Interviews,3 Jobs
Merck,4.1,(375),Pharma | Bangalore / Bengaluru +52 other locations,2.4k Salaries,19 Interviews,-- Jobs
Sterling Tools,3.9,(374),Automobile | Faridabad +13 other locations,1.1k Salaries,39 Interviews,5 Jobs
Heavy Engineering Industries & Shipbuilding,3.8,(374),Engineering & Construction | Kuwait City +29 other locations,636 Salaries,15 Interviews,-- Jobs
VIT University,3.9,(373),Education & Training | Vellore +15 other locations,1.4k Salaries,30 Interviews,174 Jobs
Watchyourhealth.com,4.6,(373),Emerging Technologies | Thane +3 other locations,349 Salaries,52 Interviews,-- Jobs
eNoah iSolution,3.8,(374),IT Services & Consulting | Chennai +7 other locations,2.2k Salaries,33 Interviews,19 Jobs
Starbucks,4.0,(373),Hospitality | Mumbai +59 other locations,1k Salaries,34 Interviews,-- Jobs
Burns & McDonnell,4.0,(373),Engineering & Construction | Mumbai +9 other locations,2.1k Salaries,52 Interviews,1 Jobs
Daimler Truck,3.7,(373),Automobile | Bangalore / Bengaluru +7 other locations,2.4k Salaries,40 Interviews,-- Jobs
HBL Global,4.3,(372),NBFC | New Delhi +78 other locations,371 Salaries,9 Interviews,-- Jobs
S2 Infotech,3.6,(372),Recruitment | Mumbai +69 other locations,1.5k Salaries,13 Interviews,-- Jobs
BCH Electric,4.0,(372),Electrical Equipment | Faridabad +38 other locations,1.4k Salaries,22 Interviews,6 Jobs
Indraprastha Gas,3.8,(372),Oil & Gas | New Delhi +27 other locations,1.6k Salaries,21 Interviews,-- Jobs
L&T Valves,3.8,(372),Industrial Machinery | Coimbatore +14 other locations,2k Salaries,13 Interviews,-- Jobs
Udaan India - The Original Visa Company,4.2,(371),Bangalore / Bengaluru +80 other locations,1.4k Salaries,23 Interviews,-- Jobs
Bosch Rexroth India,4.0,(372),Industrial Machinery | Ahmedabad +19 other locations,1.5k Salaries,20 Interviews,-- Jobs
Agilent Technologies,4.0,(371),Pharma | Gurgaon / Gurugram +19 other locations,1.9k Salaries,22 Interviews,53 Jobs
GMR Hyderabad International Airport,4.0,(371),Aviation | Hyderabad / Secunderabad +15 other locations,1.3k Salaries,18 Interviews,-- Jobs
The Phoenix Mills,3.9,(371),Real Estate | Mumbai +17 other locations,1.8k Salaries,24 Interviews,16 Jobs
Hathi Cement,4.0,(371),Building Material | Porbandar +41 other locations,1.1k Salaries,24 Interviews,2 Jobs
KaaShiv InfoTech Company,4.9,(371),EdTech | Chennai +5 other locations,220 Salaries,37 Interviews,-- Jobs
Hexagon Capability Center,4.0,(371),IT Services & Consulting | Hyderabad / Secunderabad +9 other locations,2.8k Salaries,42 Interviews,-- Jobs
Methodex,3.7,(371),Law Enforcement & Security | New Delhi +47 other locations,1.3k Salaries,14 Interviews,5 Jobs
VRB Consumer Products Private Limited,4.1,(371),FMCG | New Delhi +48 other locations,1.2k Salaries,22 Interviews,10 Jobs
Fitelo,3.2,(371),Fitness & Wellness | Mohali +13 other locations,678 Salaries,41 Interviews,-- Jobs
Icertis,3.2,(370),Software Product | Pune +11 other locations,3.1k Salaries,54 Interviews,59 Jobs
Arjas Steel,3.9,(371),Iron & Steel | Anantapur +20 other locations,1.2k Salaries,23 Interviews,1 Jobs
US Tech Solutions,3.6,(370),Recruitment | Noida +14 other locations,2.1k Salaries,22 Interviews,7 Jobs
Diverse Lynx,3.5,(371),IT Services & Consulting | Noida +19 other locations,1.9k Salaries,23 Interviews,3.7k Jobs
Dorf Ketal Chemicals,3.9,(370),Oil & Gas | Mumbai +36 other locations,1.7k Salaries,22 Interviews,-- Jobs
SirionLabs,3.6,(370),Software Product | Gurgaon / Gurugram +6 other locations,1.8k Salaries,28 Interviews,19 Jobs
Nuziveedu Seeds,3.9,(370),Agriculture | Hyderabad / Secunderabad +59 other locations,1.1k Salaries,33 Interviews,-- Jobs
Jyothy Labs,4.1,(371),Mumbai +128 other locations,856 Salaries,17 Interviews,-- Jobs
AgreeYa Solutions,3.2,(369),IT Services & Consulting | Noida +10 other locations,2.3k Salaries,25 Interviews,41 Jobs
Call 2 Connect,2.7,(371),BPO | Mumbai +19 other locations,956 Salaries,19 Interviews,2 Jobs
G. D. Foods MFG (TOPS),3.8,(372),Food Processing | New Delhi +51 other locations,966 Salaries,21 Interviews,9 Jobs
Toshiba JSW Power Systems,4.2,(369),Industrial Machinery | Chennai +14 other locations,1.6k Salaries,20 Interviews,3 Jobs
Mahendra’s Institute,3.2,(369),Education & Training | Lucknow +94 other locations,695 Salaries,10 Interviews,-- Jobs
Labournet Services,3.8,(369),Non-Profit | Bangalore / Bengaluru +56 other locations,883 Salaries,21 Interviews,8 Jobs
Indigo Paints,3.8,(369),Chemicals | Jodhpur +95 other locations,1.3k Salaries,28 Interviews,1 Jobs
Dixit Infotech Services,3.8,(370),IT Services & Consulting | Mumbai +40 other locations,1.4k Salaries,25 Interviews,29 Jobs
Alfa Laval,3.8,(368),Industrial Machinery | Pune +18 other locations,1.8k Salaries,34 Interviews,9 Jobs
Grand Hyatt,4.3,(368),Hospitality | Mumbai +28 other locations,891 Salaries,11 Interviews,-- Jobs
S. M. Auto Engineering,3.2,(368),Auto Components | Pune +7 other locations,1.4k Salaries,23 Interviews,1 Jobs
Tekion,3.0,(368),Software Product | Bangalore / Bengaluru +4 other locations,4.5k Salaries,107 Interviews,67 Jobs
Zypp Electric,3.6,(371),Internet | Gurgaon / Gurugram +12 other locations,881 Salaries,25 Interviews,5 Jobs
Johnson Controls Hitachi Air Conditioning,3.7,(367),Consumer Electronics & Appliances | Ahmedabad +37 other locations,1.6k Salaries,21 Interviews,-- Jobs
Thrillophilia,3.6,(368),Travel & Tourism | Jaipur +7 other locations,812 Salaries,37 Interviews,26 Jobs
LeadSquared,2.7,(367),Software Product | Bangalore / Bengaluru +14 other locations,2.9k Salaries,66 Interviews,16 Jobs
Foundit,3.3,(367),Hyderabad / Secunderabad +15 other locations,1.9k Salaries,33 Interviews,4 Jobs
Bharat Rasayan,3.9,(367),Agro Chemicals | Bharuch +18 other locations,1.5k Salaries,31 Interviews,-- Jobs
Hindustan Foods,3.6,(367),FMCG | Hyderabad / Secunderabad +35 other locations,1.7k Salaries,31 Interviews,-- Jobs
Cooper Corporation,4.0,(368),Auto Components | Satara +13 other locations,1.4k Salaries,46 Interviews,-- Jobs
Webkul Software,3.8,(367),IT Services & Consulting | Noida +8 other locations,1.4k Salaries,77 Interviews,4 Jobs
Repco Home Finance,3.6,(367),NBFC | Chennai +86 other locations,1k Salaries,18 Interviews,1 Jobs
Civica India,3.0,(366),IT Services & Consulting | Vadodara +12 other locations,2k Salaries,37 Interviews,11 Jobs
Hyundai Engineering and Construction,4.3,(366),Engineering & Construction | Chennai +32 other locations,519 Salaries,22 Interviews,-- Jobs
Franchise India Brands,2.5,(366),Marketing & Advertising | New Delhi +28 other locations,1.3k Salaries,33 Interviews,9 Jobs
ITSource Technologies,2.8,(366),IT Services & Consulting | Mumbai +28 other locations,1.8k Salaries,28 Interviews,-- Jobs
TCG Lifesciences,4.1,(366),Pharma | Kolkata +8 other locations,1.2k Salaries,14 Interviews,2 Jobs
Paragon Footwear,3.9,(366),Fashion & Textile | Bangalore / Bengaluru +61 other locations,1.3k Salaries,17 Interviews,4 Jobs
Rail Vikas Nigam,3.4,(366),FMCG | New Delhi +77 other locations,955 Salaries,13 Interviews,-- Jobs
Sarvodaya Hospital,3.7,(366),Healthcare | Faridabad +17 other locations,1.4k Salaries,17 Interviews,22 Jobs
Teachnook,2.9,(366),EdTech | Bangalore / Bengaluru +19 other locations,407 Salaries,90 Interviews,-- Jobs
Lido Learning,2.1,(365),EdTech | Mumbai +18 other locations,1.5k Salaries,55 Interviews,-- Jobs
Sharda University,3.6,(365),Education & Training | Greater Noida +12 other locations,1.6k Salaries,24 Interviews,55 Jobs
Ryan,3.9,(365),Accounting & Auditing | Hyderabad / Secunderabad +5 other locations,1.6k Salaries,32 Interviews,24 Jobs
GD Research Center,3.1,(365),Analytics & KPO | Hyderabad / Secunderabad +12 other locations,2k Salaries,25 Interviews,-- Jobs
Intercontinental Consultants & Technocrats,4.1,(365),Engineering & Construction | New Delhi +59 other locations,1.1k Salaries,27 Interviews,9 Jobs
Mobileum,3.3,(365),Software Product | Bangalore / Bengaluru +10 other locations,2.3k Salaries,41 Interviews,14 Jobs
Elentec Power India (EPI) Pvt. Ltd.,4.0,(365),IT Services & Consulting | Noida +20 other locations,1.4k Salaries,35 Interviews,12 Jobs
Offshoot Agency,3.4,(365),IT Services & Consulting | New Delhi +22 other locations,1.1k Salaries,24 Interviews,-- Jobs
Kores,3.7,(365),FMCG | Mumbai +40 other locations,1.6k Salaries,20 Interviews,5 Jobs
Tao Digital,3.7,(365),IT Services & Consulting | Hyderabad / Secunderabad +6 other locations,992 Salaries,108 Interviews,68 Jobs
Hilex,3.7,(365),Automobile | Chennai +16 other locations,1.1k Salaries,17 Interviews,-- Jobs
KrazyBee,3.7,(365),Internet | Bangalore / Bengaluru +17 other locations,1.7k Salaries,15 Interviews,6 Jobs
Berkadia,3.8,(366),Real Estate | Hyderabad / Secunderabad +5 other locations,2.2k Salaries,31 Interviews,7 Jobs
CEVA Logistics,3.8,(365),Logistics | Chennai +47 other locations,1.3k Salaries,13 Interviews,1 Jobs
Workcell Solutions,3.7,(364),Pharma | Mumbai +17 other locations,1.1k Salaries,26 Interviews,9 Jobs
Netlink Software,3.2,(364),IT Services & Consulting | Bhopal +29 other locations,2.1k Salaries,20 Interviews,14 Jobs
Parksons Packaging,4.0,(364),Packaging | Mumbai +25 other locations,1.4k Salaries,17 Interviews,5 Jobs
Workcell Solutions,3.7,(364),Pharma | Mumbai +17 other locations,1.1k Salaries,26 Interviews,9 Jobs
Netlink Software,3.2,(364),IT Services & Consulting | Bhopal +29 other locations,2.1k Salaries,20 Interviews,14 Jobs
TruBridge Healthcare Private Limited,4.0,(364),Analytics & KPO | Mumbai +5 other locations,529 Salaries,125 Interviews,-- Jobs
Watertec India,3.8,(364),Building Material | Coimbatore +72 other locations,1.2k Salaries,15 Interviews,10 Jobs
Tutopia,4.5,(364),Kolkata +5 other locations,368 Salaries,185 Interviews,-- Jobs
Fosroc India,4.4,(364),Chemicals | Bangalore / Bengaluru +45 other locations,1.3k Salaries,26 Interviews,-- Jobs
Cedcoss Technologies,3.0,(363),IT Services & Consulting | Lucknow +3 other locations,1.9k Salaries,51 Interviews,23 Jobs
RCL-PRIYA CEMENT,4.0,(363),Building Material | Kurnool +54 other locations,1k Salaries,16 Interviews,-- Jobs
Ambuja Neotia,3.9,(363),Real Estate | Kolkata +15 other locations,1.2k Salaries,16 Interviews,1 Jobs
CES,3.4,(363),IT Services & Consulting | Hyderabad / Secunderabad +14 other locations,2.4k Salaries,55 Interviews,29 Jobs
Nyati Group,4.2,(363),Real Estate | Pune +16 other locations,1.3k Salaries,37 Interviews,52 Jobs
GSP Crop Science,4.0,(363),Agro Chemicals | Vadodara +43 other locations,1.4k Salaries,26 Interviews,13 Jobs
EXEDY,3.8,(364),Auto Components | Bangalore / Bengaluru +19 other locations,1.5k Salaries,24 Interviews,-- Jobs
Polybond India,3.8,(364),Auto Components | Pune +15 other locations,1.4k Salaries,15 Interviews,1 Jobs
Everest Spices,3.7,(363),FMCG | Mumbai +73 other locations,1.1k Salaries,16 Interviews,2 Jobs
Merck Life Science,4.0,(363),Pharma | Bangalore / Bengaluru +14 other locations,2.6k Salaries,20 Interviews,1 Jobs
TVS Mobility,4.0,(363),Automobile | Chennai +71 other locations,1.3k Salaries,35 Interviews,2 Jobs
Department of Agriculture,4.3,(362),Agriculture | Bangalore / Bengaluru +140 other locations,1.2k Salaries,46 Interviews,-- Jobs
Satyam Venture Engineering Services,3.5,(362),Auto Components | Hyderabad / Secunderabad +12 other locations,2.4k Salaries,25 Interviews,39 Jobs
Wildcraft,3.7,(362),Fashion & Textile | Bangalore / Bengaluru +49 other locations,1.4k Salaries,13 Interviews,2 Jobs
Department of Agriculture,4.3,(362),Agriculture | Bangalore / Bengaluru +140 other locations,1.2k Salaries,46 Interviews,-- Jobs
NCSI Technologies Pvt Ltd,3.7,(362),IT Services & Consulting | Pune +5 other locations,1.6k Salaries,61 Interviews,5 Jobs
Intelliswift - An LTTS Company,3.3,(362),IT Services & Consulting | Bangalore / Bengaluru +8 other locations,2.3k Salaries,28 Interviews,1 Jobs
Elecon Engineering,4.1,(363),Electrical Equipment | Anand +22 other locations,1.4k Salaries,20 Interviews,7 Jobs
VTP Realty,3.6,(362),Real Estate | Pune +3 other locations,1.7k Salaries,42 Interviews,15 Jobs
TrueBlue,3.6,(363),Recruitment | Gurgaon / Gurugram +6 other locations,2.2k Salaries,29 Interviews,-- Jobs
Evoke Technologies,3.6,(362),IT Services & Consulting | Hyderabad / Secunderabad +4 other locations,2.7k Salaries,26 Interviews,2 Jobs
Royal Orchid Hotels,4.0,(362),Hospitality | Bangalore / Bengaluru +50 other locations,949 Salaries,13 Interviews,7 Jobs
Vijay Nirman Company,3.6,(361),Engineering & Construction | Hyderabad / Secunderabad +33 other locations,874 Salaries,8 Interviews,-- Jobs
Acme Generics LLP,3.6,(362),Pharma | Baddi +23 other locations,1.2k Salaries,14 Interviews,-- Jobs
Aquasub Engineering,3.9,(361),Industrial Machinery | Coimbatore +16 other locations,1.2k Salaries,9 Interviews,1 Jobs
Eisai Pharmaceuticals,3.9,(361),Healthcare | Visakhapatnam +24 other locations,1.2k Salaries,23 Interviews,-- Jobs
Thermax Babcock Wilcox Energy Solutions,4.1,(361),Industrial Machinery | Pune +35 other locations,1.7k Salaries,24 Interviews,-- Jobs
Motherhood Hospital,3.6,(361),Healthcare | Bangalore / Bengaluru +24 other locations,1.6k Salaries,20 Interviews,148 Jobs
Tata Toyo Radiator,3.7,(360),Auto Components | Pune +11 other locations,1.5k Salaries,18 Interviews,-- Jobs
Agarwal Packers and Movers Limited,3.5,(360),Logistics | New Delhi +46 other locations,1.5k Salaries,18 Interviews,20 Jobs
Joyalukkas,3.9,(360),Retail | Bangalore / Bengaluru +68 other locations,902 Salaries,35 Interviews,5 Jobs
Xanadu,3.3,(361),Real Estate | Mumbai +13 other locations,1.8k Salaries,30 Interviews,1 Jobs
The Hans Foundation,4.2,(360),New Delhi +83 other locations,675 Salaries,34 Interviews,99 Jobs
Caparo Maruti,4.2,(360),Auto Components | Gurgaon / Gurugram +20 other locations,1.2k Salaries,13 Interviews,-- Jobs
